 ,Label,Area,Mean,StdDev,Perim.,BX,BY,Width,Height,Circ.,AR,Round,Solidity
1,Result of BEFORE_GA3_A4 Region1_Merged_RAW_ch01.tif:00180-07994,34.466,3.049,0.653,22.181,5116.767,112.097,7.687,6.406,0.880,1.613,0.620,0.903
2,Result of BEFORE_GA3_A4 Region1_Merged_RAW_ch01.tif:00797-03100,24.619,1.649,0.208,18.557,1983.163,507.961,5.765,5.765,0.898,1.145,0.873,0.882
3,Result of BEFORE_GA3_A4 Region1_Merged_RAW_ch01.tif:00883-03522,9.848,1.202,0.177,15.995,2254.119,563.690,3.843,3.843,0.484,1.264,0.791,0.774
4,Result of BEFORE_GA3_A4 Region1_Merged_RAW_ch01.tif:00898-04351,16.413,2.259,0.328,17.807,2784.500,572.658,5.124,5.124,0.650,1.175,0.851,0.792
5,Result of BEFORE_GA3_A4 Region1_Merged_RAW_ch01.tif:00902-04350,0.410,1.818,0.000,2.562,2786.422,577.782,0.641,0.641,0.785,1.000,1.000,1.000
6,Result of BEFORE_GA3_A4 Region1_Merged_RAW_ch01.tif:01203-05089,59.085,2.619,0.500,28.211,3255.309,766.746,8.968,8.327,0.933,1.107,0.903,0.929
7,Result of BEFORE_GA3_A4 Region1_Merged_RAW_ch01.tif:01221-04095,24.619,1.865,0.234,19.994,2619.877,779.557,6.406,5.765,0.774,1.101,0.908,0.828
8,Result of BEFORE_GA3_A4 Region1_Merged_RAW_ch01.tif:01237-06029,0.410,0.735,0.000,2.562,3861.916,792.369,0.641,0.641,0.785,1.000,1.000,1.000
9,Result of BEFORE_GA3_A4 Region1_Merged_RAW_ch01.tif:01385-05796,54.161,1.625,0.204,27.991,3708.823,882.687,8.327,8.968,0.869,1.092,0.916,0.901
10,Result of BEFORE_GA3_A4 Region1_Merged_RAW_ch01.tif:01441-04446,50.879,1.225,0.180,33.309,2844.072,919.199,8.327,8.327,0.576,1.085,0.922,0.899
11,Result of BEFORE_GA3_A4 Region1_Merged_RAW_ch01.tif:01479-04125,2.052,2.726,0.578,10.249,2641.656,946.743,1.922,1.922,0.245,1.289,0.776,0.667
12,Result of BEFORE_GA3_A4 Region1_Merged_RAW_ch01.tif:01486-03860,0.821,1.450,0.212,5.124,2471.908,951.227,1.281,1.281,0.393,2.646,0.378,0.667
13,Result of BEFORE_GA3_A4 Region1_Merged_RAW_ch01.tif:01485-03863,4.513,1.709,0.213,14.092,2473.189,949.946,2.562,3.203,0.286,1.548,0.646,0.667
14,Result of BEFORE_GA3_A4 Region1_Merged_RAW_ch01.tif:01660-03575,0.410,1.917,0.000,2.562,2289.990,1063.324,0.641,0.641,0.785,1.000,1.000,1.000
15,Result of BEFORE_GA3_A4 Region1_Merged_RAW_ch01.tif:01662-03574,1.231,1.689,0.119,7.687,2288.709,1063.965,1.281,1.922,0.262,1.567,0.638,0.600
16,Result of BEFORE_GA3_A4 Region1_Merged_RAW_ch01.tif:01797-08338,54.572,2.021,0.573,34.590,5336.478,1147.237,8.968,8.327,0.573,1.110,0.901,0.911
17,Result of BEFORE_GA3_A4 Region1_Merged_RAW_ch01.tif:01835-08354,17.233,1.320,0.222,20.498,5348.648,1172.859,5.124,5.124,0.515,1.862,0.537,0.866
18,Result of BEFORE_GA3_A4 Region1_Merged_RAW_ch01.tif:01883-06106,12.720,1.458,0.204,17.936,3909.317,1204.247,4.484,4.484,0.497,1.350,0.741,0.827
19,Result of BEFORE_GA3_A4 Region1_Merged_RAW_ch01.tif:01904-03428,35.697,1.271,0.157,28.184,2192.626,1216.417,7.046,7.046,0.565,1.090,0.917,0.906
20,Result of BEFORE_GA3_A4 Region1_Merged_RAW_ch01.tif:01903-04131,46.776,1.803,0.190,38.433,2642.296,1214.495,7.687,9.608,0.398,1.400,0.714,0.826
21,Result of BEFORE_GA3_A4 Region1_Merged_RAW_ch01.tif:01910-05648,6.565,1.450,0.140,11.530,3616.583,1222.182,3.203,2.562,0.621,1.392,0.718,0.889
22,Result of BEFORE_GA3_A4 Region1_Merged_RAW_ch01.tif:01949-03269,77.959,1.677,0.475,40.996,2089.496,1242.680,8.968,11.530,0.583,1.258,0.795,0.929
23,Result of BEFORE_GA3_A4 Region1_Merged_RAW_ch01.tif:02017-03136,10.258,1.466,0.231,16.654,2007.505,1290.081,3.203,4.484,0.465,1.321,0.757,0.833
24,Result of BEFORE_GA3_A4 Region1_Merged_RAW_ch01.tif:02058-03589,22.157,1.266,0.161,28.184,2296.396,1315.063,5.765,6.406,0.351,1.368,0.731,0.812
25,Result of BEFORE_GA3_A4 Region1_Merged_RAW_ch01.tif:02115-03736,58.675,1.904,0.257,34.590,2388.636,1350.934,8.968,8.327,0.616,1.093,0.915,0.923
26,Result of BEFORE_GA3_A4 Region1_Merged_RAW_ch01.tif:02190-05376,3.283,1.868,0.260,11.530,3442.352,1401.538,2.562,2.562,0.310,1.308,0.764,0.667
27,Result of BEFORE_GA3_A4 Region1_Merged_RAW_ch01.tif:02280-06092,0.410,1.350,0.000,2.562,3902.271,1460.469,0.641,0.641,0.785,1.000,1.000,1.000
28,Result of BEFORE_GA3_A4 Region1_Merged_RAW_ch01.tif:02282-06088,33.235,1.341,0.164,26.903,3896.506,1458.548,7.046,6.406,0.577,1.167,0.857,0.895
29,Result of BEFORE_GA3_A4 Region1_Merged_RAW_ch01.tif:02355-04081,0.410,1.556,0.000,2.562,2614.112,1508.511,0.641,0.641,0.785,1.000,1.000,1.000
30,Result of BEFORE_GA3_A4 Region1_Merged_RAW_ch01.tif:02373-05235,23.798,1.380,0.212,21.779,3350.752,1517.479,5.765,5.124,0.630,1.119,0.893,0.921
31,Result of BEFORE_GA3_A4 Region1_Merged_RAW_ch01.tif:02394-05357,22.567,1.385,0.196,21.779,3428.900,1530.930,5.765,5.124,0.598,1.110,0.901,0.902
32,Result of BEFORE_GA3_A4 Region1_Merged_RAW_ch01.tif:02415-03172,19.285,1.293,0.230,21.779,2029.284,1544.382,5.765,5.124,0.511,1.204,0.831,0.847
33,Result of BEFORE_GA3_A4 Region1_Merged_RAW_ch01.tif:02436-03315,71.394,0.873,0.114,38.433,2118.962,1555.912,9.608,9.608,0.607,1.047,0.955,0.938
34,Result of BEFORE_GA3_A4 Region1_Merged_RAW_ch01.tif:02612-04546,53.751,1.482,0.235,34.590,2908.127,1669.291,8.327,8.327,0.565,1.154,0.867,0.913
35,Result of BEFORE_GA3_A4 Region1_Merged_RAW_ch01.tif:02620-00814,41.031,1.524,0.292,29.466,518.210,1674.415,7.046,7.687,0.594,1.032,0.969,0.913
36,Result of BEFORE_GA3_A4 Region1_Merged_RAW_ch01.tif:02647-01002,6.975,1.220,0.163,11.530,640.557,1694.272,2.562,3.203,0.659,1.385,0.722,0.919
37,Result of BEFORE_GA3_A4 Region1_Merged_RAW_ch01.tif:02831-04058,69.753,1.989,0.615,38.433,2594.895,1808.932,9.608,9.608,0.593,1.134,0.882,0.932
38,Result of BEFORE_GA3_A4 Region1_Merged_RAW_ch01.tif:02885-05456,11.899,1.516,0.247,17.936,3492.956,1846.084,4.484,3.843,0.465,1.419,0.705,0.829
39,Result of BEFORE_GA3_A4 Region1_Merged_RAW_ch01.tif:02921-03336,121.863,0.980,0.217,52.526,2130.492,1864.661,13.452,12.811,0.555,1.349,0.741,0.930
40,Result of BEFORE_GA3_A4 Region1_Merged_RAW_ch01.tif:02949-02510,18.464,1.645,0.297,20.498,1605.235,1887.080,5.765,4.484,0.552,1.533,0.652,0.865
41,Result of BEFORE_GA3_A4 Region1_Merged_RAW_ch01.tif:03004-05246,9.437,1.432,0.182,14.092,3359.079,1922.311,3.203,3.843,0.597,1.132,0.884,0.885
42,Result of BEFORE_GA3_A4 Region1_Merged_RAW_ch01.tif:03006-05307,41.852,1.848,0.331,29.466,3395.591,1922.311,7.687,7.046,0.606,1.100,0.909,0.919
43,Result of BEFORE_GA3_A4 Region1_Merged_RAW_ch01.tif:03017-05443,30.773,1.118,0.152,26.903,3483.347,1929.357,7.046,6.406,0.534,1.112,0.900,0.882
44,Result of BEFORE_GA3_A4 Region1_Merged_RAW_ch01.tif:03025-03004,70.984,1.405,0.228,40.996,1919.108,1933.200,10.889,9.608,0.531,1.272,0.786,0.908
45,Result of BEFORE_GA3_A4 Region1_Merged_RAW_ch01.tif:03064-05449,11.489,1.364,0.210,16.654,3488.472,1960.744,3.843,4.484,0.521,1.056,0.947,0.848
46,Result of BEFORE_GA3_A4 Region1_Merged_RAW_ch01.tif:03103-04786,20.516,1.717,0.238,24.341,3063.142,1985.085,5.765,5.124,0.435,1.106,0.905,0.833
47,Result of BEFORE_GA3_A4 Region1_Merged_RAW_ch01.tif:03150-04131,70.163,0.680,0.128,43.558,2641.015,2012.629,10.249,10.249,0.465,1.170,0.855,0.886
48,Result of BEFORE_GA3_A4 Region1_Merged_RAW_ch01.tif:03162-02849,29.543,2.063,0.375,25.622,1821.743,2022.237,6.406,6.406,0.565,1.078,0.928,0.894
49,Result of BEFORE_GA3_A4 Region1_Merged_RAW_ch01.tif:03206-05427,3.693,1.804,0.197,10.249,3475.020,2052.984,2.562,1.922,0.442,1.354,0.739,0.818
50,Result of BEFORE_GA3_A4 Region1_Merged_RAW_ch01.tif:03267-03904,32.825,2.162,0.419,26.903,2497.531,2089.496,7.046,6.406,0.570,1.199,0.834,0.899
51,Result of BEFORE_GA3_A4 Region1_Merged_RAW_ch01.tif:03297-01875,9.027,1.362,0.154,14.092,1199.122,2110.634,3.843,3.203,0.571,1.245,0.803,0.880
52,Result of BEFORE_GA3_A4 Region1_Merged_RAW_ch01.tif:03314-03441,34.877,1.094,0.186,25.622,2200.953,2119.602,6.406,6.406,0.668,1.163,0.860,0.939
53,Result of BEFORE_GA3_A4 Region1_Merged_RAW_ch01.tif:03318-03446,0.410,1.250,0.000,2.562,2207.358,2125.367,0.641,0.641,0.785,1.000,1.000,1.000
54,Result of BEFORE_GA3_A4 Region1_Merged_RAW_ch01.tif:03372-05544,27.901,0.916,0.297,24.341,3548.043,2157.395,6.406,5.765,0.592,1.013,0.987,0.907
55,Result of BEFORE_GA3_A4 Region1_Merged_RAW_ch01.tif:03491-03847,2.052,1.055,0.134,7.687,2462.940,2235.543,2.562,1.281,0.436,2.749,0.364,0.769
56,Result of BEFORE_GA3_A4 Region1_Merged_RAW_ch01.tif:03498-03848,11.489,0.836,0.126,15.373,2462.940,2238.746,3.843,3.843,0.611,1.130,0.885,0.889
57,Result of BEFORE_GA3_A4 Region1_Merged_RAW_ch01.tif:03506-02624,17.233,1.195,0.129,20.498,1678.899,2243.230,4.484,5.124,0.515,1.199,0.834,0.875
58,Result of BEFORE_GA3_A4 Region1_Merged_RAW_ch01.tif:03518-08001,64.419,1.764,0.344,39.715,5120.610,2248.995,9.608,9.608,0.513,1.062,0.942,0.897
59,Result of BEFORE_GA3_A4 Region1_Merged_RAW_ch01.tif:03562-05987,42.673,1.501,0.227,30.747,3831.810,2277.820,7.046,7.687,0.567,1.088,0.919,0.916
60,Result of BEFORE_GA3_A4 Region1_Merged_RAW_ch01.tif:03564-07646,8.617,1.906,0.231,15.373,4896.415,2281.022,3.203,4.484,0.458,1.333,0.750,0.764
61,Result of BEFORE_GA3_A4 Region1_Merged_RAW_ch01.tif:03590-02890,30.773,1.420,0.201,28.184,1848.006,2296.396,6.406,6.406,0.487,1.074,0.931,0.888
62,Result of BEFORE_GA3_A4 Region1_Merged_RAW_ch01.tif:03627-05605,23.798,1.836,0.261,23.060,3587.758,2320.096,5.124,6.406,0.562,1.213,0.824,0.892
63,Result of BEFORE_GA3_A4 Region1_Merged_RAW_ch01.tif:03635-00872,4.924,0.798,0.121,10.249,557.284,2327.142,2.562,2.562,0.589,1.088,0.919,0.857
64,Result of BEFORE_GA3_A4 Region1_Merged_RAW_ch01.tif:03703-04818,3.283,1.205,0.115,11.530,3084.921,2370.700,2.562,2.562,0.310,1.205,0.830,0.667
65,Result of BEFORE_GA3_A4 Region1_Merged_RAW_ch01.tif:03740-07278,14.771,2.292,0.340,16.654,4660.050,2393.760,3.843,4.484,0.669,1.105,0.905,0.923
66,Result of BEFORE_GA3_A4 Region1_Merged_RAW_ch01.tif:03809-02731,25.850,1.706,0.243,23.060,1746.798,2437.318,5.765,5.765,0.611,1.138,0.879,0.913
67,Result of BEFORE_GA3_A4 Region1_Merged_RAW_ch01.tif:03840-08039,21.747,0.926,0.096,25.622,5146.873,2456.535,5.765,7.046,0.416,1.262,0.792,0.791
68,Result of BEFORE_GA3_A4 Region1_Merged_RAW_ch01.tif:03845-07034,26.670,1.039,0.255,25.622,4502.473,2459.738,6.406,6.406,0.511,1.265,0.791,0.872
69,Result of BEFORE_GA3_A4 Region1_Merged_RAW_ch01.tif:04008-01120,5.334,0.907,0.193,10.249,716.142,2566.070,2.562,2.562,0.638,1.450,0.690,0.897
70,Result of BEFORE_GA3_A4 Region1_Merged_RAW_ch01.tif:04011-09616,23.388,1.848,0.243,23.060,6157.031,2566.711,5.765,5.765,0.553,1.114,0.898,0.864
71,Result of BEFORE_GA3_A4 Region1_Merged_RAW_ch01.tif:04050-06518,32.415,1.969,0.294,26.903,4171.946,2591.052,6.406,7.046,0.563,1.069,0.936,0.888
72,Result of BEFORE_GA3_A4 Region1_Merged_RAW_ch01.tif:04075-06162,16.823,1.686,0.227,20.498,3944.548,2607.706,5.124,5.124,0.503,1.731,0.578,0.863
73,Result of BEFORE_GA3_A4 Region1_Merged_RAW_ch01.tif:04124-03930,68.522,1.892,0.372,37.152,2512.904,2637.172,9.608,8.968,0.624,1.112,0.899,0.938
74,Result of BEFORE_GA3_A4 Region1_Merged_RAW_ch01.tif:04144-03970,1.641,2.771,0.229,7.687,2542.369,2653.826,1.922,1.922,0.349,2.654,0.377,0.667
75,Result of BEFORE_GA3_A4 Region1_Merged_RAW_ch01.tif:04259-07980,6.565,1.430,0.159,14.092,5110.361,2726.209,3.203,3.843,0.415,1.403,0.713,0.744
76,Result of BEFORE_GA3_A4 Region1_Merged_RAW_ch01.tif:04271-06950,39.390,1.474,0.213,33.309,4447.385,2732.615,8.968,7.046,0.446,1.539,0.650,0.869
77,Result of BEFORE_GA3_A4 Region1_Merged_RAW_ch01.tif:04285-08387,29.953,1.448,0.265,24.341,5369.787,2741.583,5.765,6.406,0.635,1.053,0.949,0.924
78,Result of BEFORE_GA3_A4 Region1_Merged_RAW_ch01.tif:04327-10362,2.052,1.640,0.261,8.968,6636.808,2770.408,1.281,2.562,0.321,1.871,0.534,0.714
79,Result of BEFORE_GA3_A4 Region1_Merged_RAW_ch01.tif:04338-04810,34.056,0.999,0.109,26.903,3077.875,2775.532,6.406,7.046,0.591,1.201,0.833,0.912
80,Result of BEFORE_GA3_A4 Region1_Merged_RAW_ch01.tif:04390-01790,42.673,1.050,0.345,34.590,1142.753,2807.560,7.687,8.968,0.448,1.348,0.742,0.852
81,Result of BEFORE_GA3_A4 Region1_Merged_RAW_ch01.tif:04402-07378,1.641,0.980,0.074,6.406,4725.387,2819.090,1.922,1.281,0.503,2.031,0.492,0.800
82,Result of BEFORE_GA3_A4 Region1_Merged_RAW_ch01.tif:04419-06601,21.747,1.883,0.420,21.779,4225.752,2828.058,5.124,5.765,0.576,1.102,0.907,0.883
83,Result of BEFORE_GA3_A4 Region1_Merged_RAW_ch01.tif:04451-06841,26.670,1.635,0.272,25.622,4378.845,2848.556,7.046,5.124,0.511,1.322,0.756,0.884
84,Result of BEFORE_GA3_A4 Region1_Merged_RAW_ch01.tif:04456-05058,9.027,1.822,0.274,14.092,3238.014,2853.039,3.843,3.203,0.571,1.170,0.854,0.863
85,Result of BEFORE_GA3_A4 Region1_Merged_RAW_ch01.tif:04456-07186,17.233,1.701,0.223,20.498,4600.478,2852.399,5.124,4.484,0.515,1.214,0.824,0.884
86,Result of BEFORE_GA3_A4 Region1_Merged_RAW_ch01.tif:04522-07929,42.262,1.674,0.316,29.466,5075.131,2893.395,7.687,7.046,0.612,1.063,0.940,0.924
87,Result of BEFORE_GA3_A4 Region1_Merged_RAW_ch01.tif:04576-07214,18.464,1.227,0.203,20.498,4618.414,2928.625,5.124,5.124,0.552,1.068,0.936,0.874
88,Result of BEFORE_GA3_A4 Region1_Merged_RAW_ch01.tif:04579-07587,14.361,1.550,0.289,16.654,4857.982,2931.187,3.843,4.484,0.651,1.211,0.826,0.909
89,Result of BEFORE_GA3_A4 Region1_Merged_RAW_ch01.tif:04634-01345,90.269,0.877,0.193,43.558,856.424,2963.215,10.889,10.889,0.598,1.018,0.982,0.940
90,Result of BEFORE_GA3_A4 Region1_Merged_RAW_ch01.tif:04644-04757,0.410,1.000,0.000,2.562,3047.128,2974.745,0.641,0.641,0.785,1.000,1.000,1.000
91,Result of BEFORE_GA3_A4 Region1_Merged_RAW_ch01.tif:04643-04755,4.924,0.769,0.089,11.530,3044.566,2972.824,2.562,3.203,0.465,1.305,0.766,0.774
92,Result of BEFORE_GA3_A4 Region1_Merged_RAW_ch01.tif:04659-01428,24.619,1.614,0.391,23.060,911.512,2981.791,6.406,5.124,0.582,1.216,0.822,0.909
93,Result of BEFORE_GA3_A4 Region1_Merged_RAW_ch01.tif:04663-06233,1.231,1.107,0.210,6.406,3991.949,2986.275,1.922,1.281,0.377,2.702,0.370,0.667
94,Result of BEFORE_GA3_A4 Region1_Merged_RAW_ch01.tif:04672-06379,0.410,1.154,0.000,2.562,4086.111,2992.681,0.641,0.641,0.785,1.000,1.000,1.000
95,Result of BEFORE_GA3_A4 Region1_Merged_RAW_ch01.tif:04670-06375,17.233,1.714,0.193,29.466,4080.987,2988.837,5.765,5.765,0.249,1.141,0.876,0.730
96,Result of BEFORE_GA3_A4 Region1_Merged_RAW_ch01.tif:04690-07102,27.901,1.143,0.341,23.060,4546.671,3001.649,5.765,5.765,0.659,1.077,0.928,0.938
97,Result of BEFORE_GA3_A4 Region1_Merged_RAW_ch01.tif:04707-05687,81.242,1.818,0.421,43.558,3637.721,3009.976,10.889,10.249,0.538,1.153,0.867,0.915
98,Result of BEFORE_GA3_A4 Region1_Merged_RAW_ch01.tif:04722-01104,0.410,0.793,0.000,2.562,707.175,3024.709,0.641,0.641,0.785,1.000,1.000,1.000
99,Result of BEFORE_GA3_A4 Region1_Merged_RAW_ch01.tif:04753-04107,18.874,1.818,0.308,20.498,2628.204,3042.004,5.124,5.124,0.565,1.124,0.889,0.876
100,Result of BEFORE_GA3_A4 Region1_Merged_RAW_ch01.tif:04764-04234,3.693,1.610,0.232,8.968,2711.476,3050.331,1.922,2.562,0.577,1.817,0.550,0.857
101,Result of BEFORE_GA3_A4 Region1_Merged_RAW_ch01.tif:04830-02583,19.285,1.876,0.230,20.498,1651.996,3091.327,5.124,5.124,0.577,1.174,0.852,0.887
102,Result of BEFORE_GA3_A4 Region1_Merged_RAW_ch01.tif:04833-08341,0.821,1.777,0.456,3.843,5342.243,3095.810,1.281,0.641,0.698,2.000,0.500,1.000
103,Result of BEFORE_GA3_A4 Region1_Merged_RAW_ch01.tif:04901-05890,31.594,1.506,0.201,25.622,3769.676,3136.166,6.406,6.406,0.605,1.041,0.961,0.911
104,Result of BEFORE_GA3_A4 Region1_Merged_RAW_ch01.tif:04906-06405,50.468,1.154,0.214,30.747,4099.563,3138.728,7.046,8.327,0.671,1.222,0.818,0.943
105,Result of BEFORE_GA3_A4 Region1_Merged_RAW_ch01.tif:04937-02387,10.258,1.730,0.245,15.373,1527.087,3161.147,4.484,3.203,0.545,1.534,0.652,0.847
106,Result of BEFORE_GA3_A4 Region1_Merged_RAW_ch01.tif:04971-08284,11.078,1.457,0.179,16.654,5304.450,3182.286,3.843,3.843,0.502,1.105,0.905,0.844
107,Result of BEFORE_GA3_A4 Region1_Merged_RAW_ch01.tif:04975-02817,37.749,1.382,0.241,28.184,1800.605,3183.567,7.687,6.406,0.597,1.215,0.823,0.911
108,Result of BEFORE_GA3_A4 Region1_Merged_RAW_ch01.tif:04977-06022,25.439,1.228,0.175,25.622,3854.230,3185.488,7.046,5.765,0.487,1.346,0.743,0.855
109,Result of BEFORE_GA3_A4 Region1_Merged_RAW_ch01.tif:04996-07911,66.881,1.021,0.127,37.152,5062.319,3196.378,10.249,8.327,0.609,1.237,0.809,0.931
110,Result of BEFORE_GA3_A4 Region1_Merged_RAW_ch01.tif:05005-05581,0.821,1.036,0.051,5.124,3574.306,3205.346,1.281,1.281,0.393,2.646,0.378,0.667
111,Result of BEFORE_GA3_A4 Region1_Merged_RAW_ch01.tif:05032-07512,32.004,1.582,0.291,25.622,4808.659,3220.078,6.406,6.406,0.613,1.146,0.873,0.923
112,Result of BEFORE_GA3_A4 Region1_Merged_RAW_ch01.tif:05079-04146,32.415,0.871,0.113,28.184,2652.545,3249.544,6.406,7.687,0.513,1.158,0.864,0.878
113,Result of BEFORE_GA3_A4 Region1_Merged_RAW_ch01.tif:05108-04813,84.935,1.442,0.310,44.839,3077.875,3266.839,10.249,10.889,0.531,1.054,0.949,0.926
114,Result of BEFORE_GA3_A4 Region1_Merged_RAW_ch01.tif:05122-05317,1.231,1.552,0.114,5.124,3405.199,3280.291,1.281,1.281,0.589,1.464,0.683,0.857
115,Result of BEFORE_GA3_A4 Region1_Merged_RAW_ch01.tif:05122-05320,4.103,1.321,0.126,10.249,3406.480,3279.650,2.562,2.562,0.491,1.137,0.880,0.800
116,Result of BEFORE_GA3_A4 Region1_Merged_RAW_ch01.tif:05166-04577,55.803,1.250,0.192,34.590,2927.344,3305.272,8.968,8.327,0.586,1.221,0.819,0.910
117,Result of BEFORE_GA3_A4 Region1_Merged_RAW_ch01.tif:05204-02678,0.410,1.375,0.000,2.562,1715.411,3333.457,0.641,0.641,0.785,1.000,1.000,1.000
118,Result of BEFORE_GA3_A4 Region1_Merged_RAW_ch01.tif:05247-06764,68.112,1.303,0.171,43.558,4328.242,3355.876,9.608,10.249,0.451,1.083,0.924,0.885
119,Result of BEFORE_GA3_A4 Region1_Merged_RAW_ch01.tif:05261-02591,12.309,2.565,0.408,15.373,1657.761,3368.047,3.843,3.843,0.654,1.243,0.805,0.923
120,Result of BEFORE_GA3_A4 Region1_Merged_RAW_ch01.tif:05269-06531,67.702,1.172,0.227,39.715,4178.992,3370.609,9.608,9.608,0.539,1.052,0.951,0.904
121,Result of BEFORE_GA3_A4 Region1_Merged_RAW_ch01.tif:05282-05949,23.798,1.548,0.220,21.779,3808.109,3380.858,5.124,5.765,0.630,1.291,0.775,0.921
122,Result of BEFORE_GA3_A4 Region1_Merged_RAW_ch01.tif:05304-04735,0.821,1.808,0.272,5.124,3032.395,3396.872,1.281,1.281,0.393,2.646,0.378,0.667
123,Result of BEFORE_GA3_A4 Region1_Merged_RAW_ch01.tif:05316-03069,7.386,1.590,0.258,12.811,1964.587,3403.918,3.203,3.203,0.565,1.675,0.597,0.857
124,Result of BEFORE_GA3_A4 Region1_Merged_RAW_ch01.tif:05322-03065,0.821,1.161,0.302,3.843,1962.666,3409.043,1.281,0.641,0.698,2.000,0.500,1.000
125,Result of BEFORE_GA3_A4 Region1_Merged_RAW_ch01.tif:05323-05427,0.410,1.389,0.000,2.562,3476.301,3409.683,0.641,0.641,0.785,1.000,1.000,1.000
126,Result of BEFORE_GA3_A4 Region1_Merged_RAW_ch01.tif:05323-05429,2.052,1.422,0.060,10.249,3476.942,3408.402,1.281,3.203,0.245,2.538,0.394,0.556
127,Result of BEFORE_GA3_A4 Region1_Merged_RAW_ch01.tif:05373-03029,33.646,1.479,0.272,26.903,1937.043,3438.508,6.406,7.046,0.584,1.197,0.836,0.901
128,Result of BEFORE_GA3_A4 Region1_Merged_RAW_ch01.tif:05402-04282,37.338,1.540,0.189,33.309,2739.661,3457.084,7.046,7.046,0.423,1.017,0.983,0.875
129,Result of BEFORE_GA3_A4 Region1_Merged_RAW_ch01.tif:05404-08011,24.208,1.286,0.250,23.060,5128.937,3459.006,5.765,5.765,0.572,1.054,0.948,0.881
130,Result of BEFORE_GA3_A4 Region1_Merged_RAW_ch01.tif:05407-06548,88.217,1.267,0.232,40.996,4189.881,3458.366,9.608,10.889,0.660,1.154,0.867,0.953
131,Result of BEFORE_GA3_A4 Region1_Merged_RAW_ch01.tif:05432-05256,4.103,0.723,0.097,8.968,3366.125,3478.223,1.922,2.562,0.641,1.551,0.645,0.909
132,Result of BEFORE_GA3_A4 Region1_Merged_RAW_ch01.tif:05430-03161,57.444,1.121,0.458,34.590,2020.316,3474.379,8.968,8.327,0.603,1.136,0.881,0.918
133,Result of BEFORE_GA3_A4 Region1_Merged_RAW_ch01.tif:05444-07250,59.495,1.629,0.253,35.871,4640.193,3482.707,8.327,8.968,0.581,1.284,0.779,0.932
134,Result of BEFORE_GA3_A4 Region1_Merged_RAW_ch01.tif:05450-03306,18.464,1.735,0.362,24.341,2115.118,3488.472,5.124,5.124,0.392,1.317,0.760,0.811
135,Result of BEFORE_GA3_A4 Region1_Merged_RAW_ch01.tif:05449-02403,32.004,1.709,0.420,26.903,1536.055,3487.191,6.406,7.046,0.556,1.160,0.862,0.891
136,Result of BEFORE_GA3_A4 Region1_Merged_RAW_ch01.tif:05535-05988,6.565,1.042,0.124,15.373,3834.372,3543.560,3.203,3.843,0.349,2.189,0.457,0.800
137,Result of BEFORE_GA3_A4 Region1_Merged_RAW_ch01.tif:05537-01586,9.848,0.707,0.103,29.466,1013.361,3544.200,5.124,5.124,0.143,1.129,0.886,0.527
138,Result of BEFORE_GA3_A4 Region1_Merged_RAW_ch01.tif:05568-06397,0.821,1.517,0.259,3.843,4097.641,3565.979,0.641,1.281,0.698,2.000,0.500,1.000
139,Result of BEFORE_GA3_A4 Region1_Merged_RAW_ch01.tif:05590-04567,18.464,0.809,0.076,19.217,2923.501,3578.150,4.484,5.124,0.628,1.110,0.901,0.900
140,Result of BEFORE_GA3_A4 Region1_Merged_RAW_ch01.tif:05613-05171,20.926,1.704,0.317,21.779,3310.397,3592.242,4.484,6.406,0.554,1.471,0.680,0.879
141,Result of BEFORE_GA3_A4 Region1_Merged_RAW_ch01.tif:05647-08488,36.928,0.939,0.193,28.184,5433.842,3613.380,6.406,7.687,0.584,1.134,0.882,0.914
142,Result of BEFORE_GA3_A4 Region1_Merged_RAW_ch01.tif:05660-06529,1.231,1.764,0.380,6.406,4181.554,3624.910,1.922,1.281,0.377,2.702,0.370,0.667
143,Result of BEFORE_GA3_A4 Region1_Merged_RAW_ch01.tif:05661-06531,2.462,1.765,0.197,11.530,4182.195,3624.910,2.562,2.562,0.233,2.402,0.416,0.571
144,Result of BEFORE_GA3_A4 Region1_Merged_RAW_ch01.tif:05663-03694,13.540,1.260,0.151,19.217,2364.295,3624.910,4.484,5.124,0.461,1.291,0.774,0.795
145,Result of BEFORE_GA3_A4 Region1_Merged_RAW_ch01.tif:05693-06848,26.260,1.082,0.168,23.060,4383.329,3644.127,6.406,5.124,0.621,1.223,0.817,0.908
146,Result of BEFORE_GA3_A4 Region1_Merged_RAW_ch01.tif:05691-05400,75.087,1.261,0.182,38.433,3453.882,3640.924,10.249,8.968,0.639,1.167,0.857,0.943
147,Result of BEFORE_GA3_A4 Region1_Merged_RAW_ch01.tif:05743-05963,9.848,1.735,0.266,15.373,3818.358,3676.795,3.203,4.484,0.524,1.264,0.791,0.842
148,Result of BEFORE_GA3_A4 Region1_Merged_RAW_ch01.tif:05751-08940,11.489,2.116,0.296,16.654,5724.655,3681.920,3.843,4.484,0.521,1.286,0.778,0.848
149,Result of BEFORE_GA3_A4 Region1_Merged_RAW_ch01.tif:05766-05561,15.182,1.675,0.274,16.654,3560.214,3691.528,4.484,3.843,0.688,1.187,0.842,0.937
150,Result of BEFORE_GA3_A4 Region1_Merged_RAW_ch01.tif:05769-04931,26.670,2.002,0.366,25.622,3155.382,3692.809,6.406,5.765,0.511,1.157,0.864,0.890
151,Result of BEFORE_GA3_A4 Region1_Merged_RAW_ch01.tif:05772-06188,30.773,1.246,0.161,25.622,3961.203,3694.090,5.765,7.046,0.589,1.040,0.961,0.904
152,Result of BEFORE_GA3_A4 Region1_Merged_RAW_ch01.tif:05811-04722,0.410,1.786,0.000,2.562,3024.709,3722.275,0.641,0.641,0.785,1.000,1.000,1.000
153,Result of BEFORE_GA3_A4 Region1_Merged_RAW_ch01.tif:05811-05736,34.877,1.001,0.221,34.590,3669.109,3719.713,10.249,5.124,0.366,1.750,0.571,0.798
154,Result of BEFORE_GA3_A4 Region1_Merged_RAW_ch01.tif:05821-03510,1.641,1.094,0.205,6.406,2247.713,3728.040,1.281,1.922,0.503,2.000,0.500,0.800
155,Result of BEFORE_GA3_A4 Region1_Merged_RAW_ch01.tif:05840-06053,0.410,0.611,0.000,2.562,3877.290,3740.851,0.641,0.641,0.785,1.000,1.000,1.000
156,Result of BEFORE_GA3_A4 Region1_Merged_RAW_ch01.tif:05841-06056,0.821,0.948,0.073,3.843,3878.571,3741.492,1.281,0.641,0.698,2.000,0.500,1.000
157,Result of BEFORE_GA3_A4 Region1_Merged_RAW_ch01.tif:05843-06052,0.410,0.686,0.000,2.562,3876.649,3742.773,0.641,0.641,0.785,1.000,1.000,1.000
158,Result of BEFORE_GA3_A4 Region1_Merged_RAW_ch01.tif:05838-04530,45.545,1.335,0.237,32.028,2897.878,3735.727,7.687,8.327,0.558,1.116,0.896,0.895
159,Result of BEFORE_GA3_A4 Region1_Merged_RAW_ch01.tif:05842-06167,46.776,1.159,0.175,32.028,3946.470,3738.289,7.687,8.327,0.573,1.087,0.920,0.916
160,Result of BEFORE_GA3_A4 Region1_Merged_RAW_ch01.tif:05864-01740,1.641,1.447,0.076,7.687,1113.928,3755.584,1.281,1.922,0.349,1.637,0.611,0.727
161,Result of BEFORE_GA3_A4 Region1_Merged_RAW_ch01.tif:05895-05334,10.258,1.990,0.276,15.373,3414.808,3774.160,3.843,3.843,0.545,1.082,0.925,0.862
162,Result of BEFORE_GA3_A4 Region1_Merged_RAW_ch01.tif:05965-05162,9.848,2.495,0.335,15.373,3304.632,3818.999,3.843,3.843,0.524,1.246,0.803,0.828
163,Result of BEFORE_GA3_A4 Region1_Merged_RAW_ch01.tif:06000-00855,19.695,1.536,0.294,23.060,545.114,3840.778,5.765,5.124,0.465,1.153,0.868,0.828
164,Result of BEFORE_GA3_A4 Region1_Merged_RAW_ch01.tif:06005-10158,2.872,1.687,0.260,7.687,6506.134,3845.902,1.922,1.922,0.611,1.596,0.626,0.875
165,Result of BEFORE_GA3_A4 Region1_Merged_RAW_ch01.tif:06002-07396,36.928,1.158,0.115,30.747,4733.714,3840.778,7.687,7.687,0.491,1.177,0.849,0.865
166,Result of BEFORE_GA3_A4 Region1_Merged_RAW_ch01.tif:06007-05083,9.848,1.448,0.140,15.373,3254.669,3845.902,3.203,4.484,0.524,1.494,0.670,0.857
167,Result of BEFORE_GA3_A4 Region1_Merged_RAW_ch01.tif:06015-05221,6.975,2.361,0.375,12.811,3343.065,3851.667,2.562,3.203,0.534,1.435,0.697,0.895
168,Result of BEFORE_GA3_A4 Region1_Merged_RAW_ch01.tif:06016-06384,23.798,1.447,0.202,23.060,4086.752,3851.027,5.765,5.765,0.562,1.049,0.954,0.879
169,Result of BEFORE_GA3_A4 Region1_Merged_RAW_ch01.tif:06020-05486,9.848,1.945,0.270,15.373,3512.172,3854.230,3.843,3.843,0.524,1.292,0.774,0.842
170,Result of BEFORE_GA3_A4 Region1_Merged_RAW_ch01.tif:06024-02761,6.565,1.722,0.208,12.811,1767.296,3857.432,3.203,3.203,0.503,1.034,0.967,0.780
171,Result of BEFORE_GA3_A4 Region1_Merged_RAW_ch01.tif:06047-02666,48.007,1.130,0.263,35.871,1703.881,3869.603,8.327,8.327,0.469,1.103,0.907,0.863
172,Result of BEFORE_GA3_A4 Region1_Merged_RAW_ch01.tif:06045-06643,116.529,1.107,0.209,48.682,4249.453,3866.400,12.171,12.171,0.618,1.062,0.942,0.944
173,Result of BEFORE_GA3_A4 Region1_Merged_RAW_ch01.tif:06079-05887,12.309,1.558,0.206,16.654,3769.036,3892.022,4.484,3.843,0.558,1.432,0.699,0.845
174,Result of BEFORE_GA3_A4 Region1_Merged_RAW_ch01.tif:06080-08660,4.103,2.168,0.387,8.968,5546.580,3893.304,1.922,2.562,0.641,1.559,0.641,0.909
175,Result of BEFORE_GA3_A4 Region1_Merged_RAW_ch01.tif:06082-08656,2.872,1.444,0.209,8.968,5544.018,3894.585,1.922,2.562,0.449,1.329,0.752,0.737
176,Result of BEFORE_GA3_A4 Region1_Merged_RAW_ch01.tif:06084-08660,0.821,2.061,0.228,3.843,5546.580,3897.147,1.281,0.641,0.698,2.000,0.500,1.000
177,Result of BEFORE_GA3_A4 Region1_Merged_RAW_ch01.tif:06084-08663,0.821,1.763,0.179,3.843,5548.502,3897.147,1.281,0.641,0.698,2.000,0.500,1.000
178,Result of BEFORE_GA3_A4 Region1_Merged_RAW_ch01.tif:06103-05003,16.413,1.279,0.201,19.217,3202.143,3907.396,5.124,4.484,0.559,1.175,0.851,0.879
179,Result of BEFORE_GA3_A4 Region1_Merged_RAW_ch01.tif:06105-05414,20.926,2.131,0.419,20.498,3465.412,3908.036,5.124,5.124,0.626,1.107,0.903,0.911
180,Result of BEFORE_GA3_A4 Region1_Merged_RAW_ch01.tif:06132-08610,13.540,2.651,0.550,20.498,5512.631,3925.972,5.124,3.843,0.405,1.562,0.640,0.795
181,Result of BEFORE_GA3_A4 Region1_Merged_RAW_ch01.tif:06149-02335,85.755,1.853,0.854,40.996,1490.575,3933.659,10.249,10.249,0.641,1.090,0.917,0.939
182,Result of BEFORE_GA3_A4 Region1_Merged_RAW_ch01.tif:06166-05292,10.668,1.629,0.300,15.373,3387.904,3947.751,3.843,3.843,0.567,1.115,0.897,0.867
183,Result of BEFORE_GA3_A4 Region1_Merged_RAW_ch01.tif:06167-07110,11.899,1.493,0.184,16.654,4552.436,3948.391,4.484,3.843,0.539,1.206,0.829,0.853
184,Result of BEFORE_GA3_A4 Region1_Merged_RAW_ch01.tif:06175-01259,17.233,0.781,0.141,17.936,804.539,3953.516,4.484,4.484,0.673,1.047,0.955,0.933
185,Result of BEFORE_GA3_A4 Region1_Merged_RAW_ch01.tif:06183-01452,9.027,1.307,0.289,16.654,928.167,3959.281,4.484,3.203,0.409,1.443,0.693,0.759
186,Result of BEFORE_GA3_A4 Region1_Merged_RAW_ch01.tif:06192-03970,47.186,1.925,0.330,33.309,2539.167,3962.484,8.327,8.327,0.534,1.078,0.928,0.902
187,Result of BEFORE_GA3_A4 Region1_Merged_RAW_ch01.tif:06198-05353,16.002,1.542,0.232,19.217,3426.978,3967.608,4.484,5.124,0.545,1.160,0.862,0.857
188,Result of BEFORE_GA3_A4 Region1_Merged_RAW_ch01.tif:06206-00895,25.439,1.164,0.357,23.060,570.736,3972.092,5.124,6.406,0.601,1.281,0.781,0.905
189,Result of BEFORE_GA3_A4 Region1_Merged_RAW_ch01.tif:06219-05716,4.513,2.048,0.229,10.249,3660.141,3982.341,2.562,2.562,0.540,1.450,0.690,0.815
190,Result of BEFORE_GA3_A4 Region1_Merged_RAW_ch01.tif:06235-06293,43.903,1.061,0.121,30.747,4027.180,3990.028,7.687,7.687,0.584,1.165,0.858,0.911
191,Result of BEFORE_GA3_A4 Region1_Merged_RAW_ch01.tif:06271-05762,11.078,2.134,0.450,15.373,3688.966,4015.650,4.484,3.203,0.589,1.438,0.695,0.900
192,Result of BEFORE_GA3_A4 Region1_Merged_RAW_ch01.tif:06269-09700,18.874,0.760,0.094,23.060,6211.478,4013.088,4.484,5.765,0.446,1.692,0.591,0.852
193,Result of BEFORE_GA3_A4 Region1_Merged_RAW_ch01.tif:06277-03037,20.926,1.622,0.263,21.779,1942.808,4018.212,5.765,5.124,0.554,1.189,0.841,0.872
194,Result of BEFORE_GA3_A4 Region1_Merged_RAW_ch01.tif:06278-10223,20.926,2.218,0.351,20.498,6545.849,4018.853,5.124,5.124,0.626,1.036,0.965,0.919
195,Result of BEFORE_GA3_A4 Region1_Merged_RAW_ch01.tif:06278-00833,18.464,1.329,0.526,29.466,531.021,4018.853,5.765,5.765,0.267,1.133,0.882,0.714
196,Result of BEFORE_GA3_A4 Region1_Merged_RAW_ch01.tif:06273-08273,120.632,1.023,0.141,49.963,5293.560,4011.806,12.171,12.811,0.607,1.076,0.929,0.935
197,Result of BEFORE_GA3_A4 Region1_Merged_RAW_ch01.tif:06293-09565,33.646,1.006,0.107,26.903,6123.722,4027.820,7.046,6.406,0.584,1.106,0.904,0.906
198,Result of BEFORE_GA3_A4 Region1_Merged_RAW_ch01.tif:06356-03093,7.386,1.209,0.233,14.092,1979.961,4069.457,3.203,3.843,0.467,1.403,0.713,0.800
199,Result of BEFORE_GA3_A4 Region1_Merged_RAW_ch01.tif:06362-09409,9.437,1.103,0.108,16.654,6025.076,4073.300,3.843,3.843,0.428,1.037,0.964,0.780
200,Result of BEFORE_GA3_A4 Region1_Merged_RAW_ch01.tif:06364-03559,5.744,1.171,0.283,14.092,2278.460,4074.581,2.562,3.843,0.363,1.689,0.592,0.757
201,Result of BEFORE_GA3_A4 Region1_Merged_RAW_ch01.tif:06362-05132,27.081,1.841,0.300,23.060,3284.775,4072.659,5.765,5.765,0.640,1.061,0.943,0.930
202,Result of BEFORE_GA3_A4 Region1_Merged_RAW_ch01.tif:06379-01198,3.283,1.557,0.273,10.249,766.106,4084.830,2.562,2.562,0.393,2.429,0.412,0.762
203,Result of BEFORE_GA3_A4 Region1_Merged_RAW_ch01.tif:06379-05964,20.516,1.413,0.194,21.779,3817.718,4083.549,5.765,5.124,0.544,1.123,0.890,0.862
204,Result of BEFORE_GA3_A4 Region1_Merged_RAW_ch01.tif:06395-06393,12.720,1.201,0.179,17.936,4092.517,4094.438,5.124,3.843,0.497,1.418,0.705,0.816
205,Result of BEFORE_GA3_A4 Region1_Merged_RAW_ch01.tif:06424-05283,24.619,1.857,0.340,23.060,3381.499,4112.374,5.765,5.765,0.582,1.139,0.878,0.896
206,Result of BEFORE_GA3_A4 Region1_Merged_RAW_ch01.tif:06429-01481,12.720,1.556,0.239,16.654,946.743,4116.217,4.484,3.843,0.576,1.337,0.748,0.861
207,Result of BEFORE_GA3_A4 Region1_Merged_RAW_ch01.tif:06465-08731,61.957,2.390,0.520,35.871,5588.216,4136.715,8.968,8.968,0.605,1.082,0.924,0.924
208,Result of BEFORE_GA3_A4 Region1_Merged_RAW_ch01.tif:06475-02547,3.283,1.676,0.164,8.968,1630.857,4146.323,1.922,2.562,0.513,1.989,0.503,0.800
209,Result of BEFORE_GA3_A4 Region1_Merged_RAW_ch01.tif:06476-02551,1.231,1.512,0.061,5.124,1633.420,4147.605,1.281,1.281,0.589,1.464,0.683,0.857
210,Result of BEFORE_GA3_A4 Region1_Merged_RAW_ch01.tif:06507-00774,23.798,1.298,0.355,23.060,493.229,4165.540,5.765,5.765,0.562,1.174,0.852,0.872
211,Result of BEFORE_GA3_A4 Region1_Merged_RAW_ch01.tif:06521-05325,31.594,2.043,0.432,26.903,3407.762,4173.867,7.046,6.406,0.549,1.092,0.916,0.885
212,Result of BEFORE_GA3_A4 Region1_Merged_RAW_ch01.tif:06538-09419,0.821,2.778,0.314,5.124,6032.763,4187.319,1.281,1.281,0.393,2.646,0.378,0.667
213,Result of BEFORE_GA3_A4 Region1_Merged_RAW_ch01.tif:06597-06192,41.852,1.536,0.245,32.028,3962.484,4221.909,7.687,7.687,0.513,1.057,0.946,0.887
214,Result of BEFORE_GA3_A4 Region1_Merged_RAW_ch01.tif:06608-04760,30.363,1.109,0.167,25.622,3045.847,4229.596,6.406,6.406,0.581,1.058,0.946,0.897
215,Result of BEFORE_GA3_A4 Region1_Merged_RAW_ch01.tif:06634-05759,38.980,1.636,0.334,29.466,3685.123,4246.250,7.687,7.046,0.564,1.074,0.931,0.896
216,Result of BEFORE_GA3_A4 Region1_Merged_RAW_ch01.tif:06642-05943,13.130,2.311,0.366,16.654,3804.907,4252.656,3.843,4.484,0.595,1.204,0.831,0.889
217,Result of BEFORE_GA3_A4 Region1_Merged_RAW_ch01.tif:06642-10404,36.928,1.553,0.185,29.466,6661.149,4251.375,7.046,7.046,0.534,1.126,0.888,0.882
218,Result of BEFORE_GA3_A4 Region1_Merged_RAW_ch01.tif:06656-03686,14.361,1.028,0.167,17.936,2358.530,4261.624,5.124,3.843,0.561,1.259,0.794,0.875
219,Result of BEFORE_GA3_A4 Region1_Merged_RAW_ch01.tif:06654-04511,57.444,1.190,0.500,35.871,2885.708,4257.780,8.327,8.968,0.561,1.053,0.949,0.912
220,Result of BEFORE_GA3_A4 Region1_Merged_RAW_ch01.tif:06682-05330,1.641,1.366,0.121,5.124,3413.527,4279.559,1.281,1.281,0.785,1.000,1.000,1.000
221,Result of BEFORE_GA3_A4 Region1_Merged_RAW_ch01.tif:06684-03586,19.695,1.428,0.242,20.498,2294.474,4278.919,5.124,5.124,0.589,1.199,0.834,0.897
222,Result of BEFORE_GA3_A4 Region1_Merged_RAW_ch01.tif:06683-09470,54.161,1.794,0.315,34.590,6061.588,4276.997,8.968,8.327,0.569,1.124,0.890,0.913
223,Result of BEFORE_GA3_A4 Region1_Merged_RAW_ch01.tif:06696-02192,33.646,1.010,0.399,26.903,1400.897,4285.965,7.046,6.406,0.584,1.124,0.890,0.906
224,Result of BEFORE_GA3_A4 Region1_Merged_RAW_ch01.tif:06702-02184,0.410,2.462,0.000,2.562,1398.976,4293.011,0.641,0.641,0.785,1.000,1.000,1.000
225,Result of BEFORE_GA3_A4 Region1_Merged_RAW_ch01.tif:06723-02684,19.695,1.258,0.213,23.060,1716.051,4304.541,6.406,4.484,0.465,1.431,0.699,0.873
226,Result of BEFORE_GA3_A4 Region1_Merged_RAW_ch01.tif:06751-02438,4.103,1.844,0.283,11.530,1560.396,4323.117,2.562,3.203,0.388,1.584,0.631,0.714
227,Result of BEFORE_GA3_A4 Region1_Merged_RAW_ch01.tif:06766-01951,39.390,0.789,0.075,30.747,1245.883,4330.804,8.327,7.046,0.524,1.359,0.736,0.873
228,Result of BEFORE_GA3_A4 Region1_Merged_RAW_ch01.tif:06772-05276,1.231,1.511,0.077,6.406,3378.936,4337.209,1.922,1.281,0.377,2.702,0.370,0.667
229,Result of BEFORE_GA3_A4 Region1_Merged_RAW_ch01.tif:06778-03910,6.565,1.302,0.186,15.373,2502.655,4340.412,3.843,3.203,0.349,1.601,0.624,0.727
230,Result of BEFORE_GA3_A4 Region1_Merged_RAW_ch01.tif:06783-09307,28.312,2.226,0.330,25.622,5959.099,4341.693,5.765,6.406,0.542,1.136,0.880,0.896
231,Result of BEFORE_GA3_A4 Region1_Merged_RAW_ch01.tif:06803-04587,14.771,0.834,0.093,17.936,2936.312,4355.785,3.843,4.484,0.577,1.094,0.914,0.911
232,Result of BEFORE_GA3_A4 Region1_Merged_RAW_ch01.tif:06825-05390,2.052,1.090,0.135,6.406,3451.960,4371.159,1.922,1.281,0.628,1.553,0.644,0.909
233,Result of BEFORE_GA3_A4 Region1_Merged_RAW_ch01.tif:06823-05389,21.747,1.679,0.347,23.060,3449.398,4367.956,5.765,5.765,0.514,1.275,0.784,0.855
234,Result of BEFORE_GA3_A4 Region1_Merged_RAW_ch01.tif:06881-03673,24.208,1.227,0.183,23.060,2350.202,4405.108,5.765,5.765,0.572,1.156,0.865,0.887
235,Result of BEFORE_GA3_A4 Region1_Merged_RAW_ch01.tif:06889-02770,6.565,1.147,0.137,12.811,1772.420,4411.514,3.843,2.562,0.503,1.617,0.619,0.842
236,Result of BEFORE_GA3_A4 Region1_Merged_RAW_ch01.tif:06899-08292,36.518,1.321,0.379,32.028,5308.293,4414.717,6.406,8.968,0.447,1.734,0.577,0.840
237,Result of BEFORE_GA3_A4 Region1_Merged_RAW_ch01.tif:06907-05275,34.466,0.797,0.090,32.028,3375.734,4420.482,6.406,8.327,0.422,1.345,0.743,0.844
238,Result of BEFORE_GA3_A4 Region1_Merged_RAW_ch01.tif:06961-07978,20.926,1.921,0.332,20.498,5107.799,4456.353,5.124,5.124,0.626,1.079,0.927,0.911
239,Result of BEFORE_GA3_A4 Region1_Merged_RAW_ch01.tif:06966-03864,7.796,1.605,0.213,12.811,2473.830,4460.837,3.203,3.203,0.597,1.405,0.711,0.905
240,Result of BEFORE_GA3_A4 Region1_Merged_RAW_ch01.tif:06982-02124,25.439,1.065,0.211,21.779,1357.980,4469.805,5.765,5.124,0.674,1.189,0.841,0.947
241,Result of BEFORE_GA3_A4 Region1_Merged_RAW_ch01.tif:07002-04398,3.693,1.051,0.116,14.092,2815.887,4483.897,2.562,3.203,0.234,1.935,0.517,0.562
242,Result of BEFORE_GA3_A4 Region1_Merged_RAW_ch01.tif:07009-01071,47.596,0.994,0.270,32.028,682.193,4485.818,8.327,7.687,0.583,1.086,0.921,0.906
243,Result of BEFORE_GA3_A4 Region1_Merged_RAW_ch01.tif:07026-07748,3.693,1.749,0.314,12.811,4961.752,4499.270,2.562,2.562,0.283,1.122,0.892,0.720
244,Result of BEFORE_GA3_A4 Region1_Merged_RAW_ch01.tif:07066-07981,7.796,1.784,0.238,14.092,5110.361,4524.892,3.843,3.203,0.493,1.259,0.795,0.792
245,Result of BEFORE_GA3_A4 Region1_Merged_RAW_ch01.tif:07069-06299,43.493,1.483,0.254,29.466,4031.023,4524.892,7.687,7.046,0.630,1.153,0.867,0.922
246,Result of BEFORE_GA3_A4 Region1_Merged_RAW_ch01.tif:07078-07703,27.901,1.453,0.276,24.341,4931.005,4531.298,6.406,5.765,0.592,1.140,0.877,0.913
247,Result of BEFORE_GA3_A4 Region1_Merged_RAW_ch01.tif:07096-08031,16.413,1.809,0.316,19.217,5142.389,4543.469,4.484,4.484,0.559,1.067,0.937,0.899
248,Result of BEFORE_GA3_A4 Region1_Merged_RAW_ch01.tif:07111-05119,15.182,1.589,0.205,20.498,3277.088,4552.436,4.484,5.124,0.454,1.148,0.871,0.822
249,Result of BEFORE_GA3_A4 Region1_Merged_RAW_ch01.tif:07110-07248,40.621,1.474,0.250,29.466,4639.552,4550.515,7.046,7.687,0.588,1.097,0.912,0.908
250,Result of BEFORE_GA3_A4 Region1_Merged_RAW_ch01.tif:07125-07461,36.518,1.928,0.358,28.184,4775.991,4560.123,6.406,7.687,0.578,1.227,0.815,0.922
251,Result of BEFORE_GA3_A4 Region1_Merged_RAW_ch01.tif:07144-03839,36.928,1.482,0.288,28.184,2455.894,4572.934,7.046,7.046,0.584,1.122,0.891,0.900
252,Result of BEFORE_GA3_A4 Region1_Merged_RAW_ch01.tif:07232-03610,1.231,1.402,0.051,5.124,2311.769,4632.506,1.922,0.641,0.589,3.000,0.333,1.000
253,Result of BEFORE_GA3_A4 Region1_Merged_RAW_ch01.tif:07236-08241,12.309,2.001,0.425,15.373,5276.906,4633.146,3.843,3.843,0.654,1.107,0.903,0.909
254,Result of BEFORE_GA3_A4 Region1_Merged_RAW_ch01.tif:07261-03317,3.283,0.907,0.069,11.530,2123.445,4650.442,3.203,1.922,0.310,1.787,0.560,0.667
255,Result of BEFORE_GA3_A4 Region1_Merged_RAW_ch01.tif:07258-02390,46.365,0.916,0.263,30.747,1527.087,4645.317,7.687,7.687,0.616,1.053,0.950,0.926
256,Result of BEFORE_GA3_A4 Region1_Merged_RAW_ch01.tif:07301-07961,3.283,1.778,0.316,11.530,5098.831,4675.423,1.922,2.562,0.310,1.259,0.794,0.727
257,Result of BEFORE_GA3_A4 Region1_Merged_RAW_ch01.tif:07307-06223,81.242,1.410,0.230,42.277,3981.060,4676.064,10.889,9.608,0.571,1.162,0.861,0.927
258,Result of BEFORE_GA3_A4 Region1_Merged_RAW_ch01.tif:07324-05781,3.693,1.446,0.211,8.968,3702.418,4690.156,1.922,2.562,0.577,1.340,0.746,0.857
259,Result of BEFORE_GA3_A4 Region1_Merged_RAW_ch01.tif:07322-03948,85.755,1.620,0.571,43.558,2523.793,4685.032,10.889,10.889,0.568,1.198,0.835,0.923
260,Result of BEFORE_GA3_A4 Region1_Merged_RAW_ch01.tif:07374-03975,0.410,1.176,0.000,2.562,2546.213,4723.465,0.641,0.641,0.785,1.000,1.000,1.000
261,Result of BEFORE_GA3_A4 Region1_Merged_RAW_ch01.tif:07380-07649,11.899,1.532,0.209,15.373,4897.696,4725.387,3.843,3.843,0.633,1.507,0.664,0.921
262,Result of BEFORE_GA3_A4 Region1_Merged_RAW_ch01.tif:07404-06607,10.668,1.844,0.261,16.654,4230.236,4740.760,3.843,4.484,0.483,1.087,0.920,0.788
263,Result of BEFORE_GA3_A4 Region1_Merged_RAW_ch01.tif:07431-07259,9.848,0.940,0.101,15.373,4647.879,4758.055,3.843,3.843,0.524,1.121,0.892,0.842
264,Result of BEFORE_GA3_A4 Region1_Merged_RAW_ch01.tif:07437-07263,2.872,0.960,0.157,11.530,4651.723,4762.539,1.922,2.562,0.271,1.448,0.690,0.737
265,Result of BEFORE_GA3_A4 Region1_Merged_RAW_ch01.tif:07437-05086,14.361,1.339,0.179,21.779,3255.309,4761.898,5.124,3.843,0.380,1.628,0.614,0.805
266,Result of BEFORE_GA3_A4 Region1_Merged_RAW_ch01.tif:07503-06458,27.901,2.081,0.447,24.341,4134.153,4802.894,5.765,6.406,0.592,1.107,0.903,0.913
267,Result of BEFORE_GA3_A4 Region1_Merged_RAW_ch01.tif:07528-04072,35.697,1.250,0.310,28.184,2604.503,4818.908,7.687,6.406,0.565,1.361,0.734,0.892
268,Result of BEFORE_GA3_A4 Region1_Merged_RAW_ch01.tif:07535-05643,23.798,1.923,0.449,23.060,3612.099,4824.032,5.765,5.765,0.562,1.035,0.966,0.885
269,Result of BEFORE_GA3_A4 Region1_Merged_RAW_ch01.tif:07534-07060,45.545,1.189,0.287,30.747,4519.127,4822.111,7.046,8.327,0.605,1.159,0.863,0.917
270,Result of BEFORE_GA3_A4 Region1_Merged_RAW_ch01.tif:07544-08895,27.491,1.378,0.186,24.341,5695.189,4829.157,5.765,6.406,0.583,1.121,0.892,0.912
271,Result of BEFORE_GA3_A4 Region1_Merged_RAW_ch01.tif:07556-07785,26.260,1.212,0.190,24.341,4984.172,4836.844,5.765,6.406,0.557,1.266,0.790,0.889
272,Result of BEFORE_GA3_A4 Region1_Merged_RAW_ch01.tif:07559-06878,16.823,0.720,0.101,20.498,4403.827,4839.406,3.843,5.765,0.503,1.580,0.633,0.882
273,Result of BEFORE_GA3_A4 Region1_Merged_RAW_ch01.tif:07559-04915,22.157,0.882,0.262,28.184,3145.774,4838.765,5.765,7.046,0.351,1.970,0.507,0.777
274,Result of BEFORE_GA3_A4 Region1_Merged_RAW_ch01.tif:07559-06226,39.800,1.086,0.136,29.466,3984.903,4838.125,7.046,7.687,0.576,1.292,0.774,0.894
275,Result of BEFORE_GA3_A4 Region1_Merged_RAW_ch01.tif:07580-07987,7.386,1.636,0.297,11.530,5114.845,4854.139,2.562,3.203,0.698,1.218,0.821,0.947
276,Result of BEFORE_GA3_A4 Region1_Merged_RAW_ch01.tif:07590-05308,24.208,2.037,0.423,21.779,3397.513,4859.263,5.765,5.124,0.641,1.090,0.917,0.929
277,Result of BEFORE_GA3_A4 Region1_Merged_RAW_ch01.tif:07596-05885,13.130,1.737,0.210,15.373,3767.754,4863.747,3.843,3.843,0.698,1.000,1.000,0.941
278,Result of BEFORE_GA3_A4 Region1_Merged_RAW_ch01.tif:07609-06305,2.462,1.009,0.186,8.968,4038.069,4872.715,1.281,2.562,0.385,2.089,0.479,0.800
279,Result of BEFORE_GA3_A4 Region1_Merged_RAW_ch01.tif:07624-05470,0.410,2.200,0.000,2.562,3503.845,4883.604,0.641,0.641,0.785,1.000,1.000,1.000
280,Result of BEFORE_GA3_A4 Region1_Merged_RAW_ch01.tif:07630-05467,0.410,1.385,0.000,2.562,3501.923,4887.447,0.641,0.641,0.785,1.000,1.000,1.000
281,Result of BEFORE_GA3_A4 Region1_Merged_RAW_ch01.tif:07630-05469,0.410,1.357,0.000,2.562,3503.204,4887.447,0.641,0.641,0.785,1.000,1.000,1.000
282,Result of BEFORE_GA3_A4 Region1_Merged_RAW_ch01.tif:07633-04699,9.437,1.277,0.149,15.373,3008.695,4887.447,3.203,4.484,0.502,1.618,0.618,0.821
283,Result of BEFORE_GA3_A4 Region1_Merged_RAW_ch01.tif:07623-05461,120.222,1.090,0.317,105.051,3491.034,4873.355,14.092,19.217,0.137,1.573,0.636,0.633
284,Result of BEFORE_GA3_A4 Region1_Merged_RAW_ch01.tif:07637-05098,17.643,1.231,0.149,20.498,3263.636,4888.729,3.843,6.406,0.528,1.598,0.626,0.887
285,Result of BEFORE_GA3_A4 Region1_Merged_RAW_ch01.tif:07642-02626,29.132,0.810,0.163,25.622,1678.899,4891.931,6.406,6.406,0.558,1.053,0.949,0.882
286,Result of BEFORE_GA3_A4 Region1_Merged_RAW_ch01.tif:07645-05090,16.002,1.430,0.194,17.936,3258.512,4895.134,4.484,4.484,0.625,1.097,0.912,0.918
287,Result of BEFORE_GA3_A4 Region1_Merged_RAW_ch01.tif:07648-04934,59.495,1.406,0.300,37.152,3156.023,4895.134,9.608,8.327,0.542,1.242,0.805,0.898
288,Result of BEFORE_GA3_A4 Region1_Merged_RAW_ch01.tif:07647-02882,72.215,1.130,0.409,43.558,1840.960,4893.212,10.249,10.889,0.478,1.056,0.947,0.889
289,Result of BEFORE_GA3_A4 Region1_Merged_RAW_ch01.tif:07668-03628,73.446,1.371,0.271,38.433,2318.815,4907.305,10.249,8.968,0.625,1.093,0.915,0.940
290,Result of BEFORE_GA3_A4 Region1_Merged_RAW_ch01.tif:07676-07122,0.410,1.227,0.000,2.562,4562.045,4916.913,0.641,0.641,0.785,1.000,1.000,1.000
291,Result of BEFORE_GA3_A4 Region1_Merged_RAW_ch01.tif:07676-07117,5.334,0.869,0.183,14.092,4556.920,4915.632,3.843,2.562,0.338,1.630,0.614,0.703
292,Result of BEFORE_GA3_A4 Region1_Merged_RAW_ch01.tif:07677-07120,0.821,0.804,0.005,3.843,4560.764,4916.913,0.641,1.281,0.698,2.000,0.500,1.000
293,Result of BEFORE_GA3_A4 Region1_Merged_RAW_ch01.tif:07682-07123,0.410,1.000,0.000,2.562,4562.685,4920.756,0.641,0.641,0.785,1.000,1.000,1.000
294,Result of BEFORE_GA3_A4 Region1_Merged_RAW_ch01.tif:07683-07111,1.641,1.568,0.260,5.124,4554.358,4920.756,1.281,1.281,0.785,1.000,1.000,1.000
295,Result of BEFORE_GA3_A4 Region1_Merged_RAW_ch01.tif:07681-06562,46.776,1.079,0.129,32.028,4199.490,4916.273,7.687,7.687,0.573,1.143,0.875,0.908
296,Result of BEFORE_GA3_A4 Region1_Merged_RAW_ch01.tif:07684-07118,4.924,1.762,0.582,16.654,4558.201,4920.116,2.562,3.843,0.223,1.632,0.613,0.600
297,Result of BEFORE_GA3_A4 Region1_Merged_RAW_ch01.tif:07695-07248,1.231,0.556,0.109,5.124,4642.114,4928.443,1.281,1.281,0.589,1.464,0.683,0.857
298,Result of BEFORE_GA3_A4 Region1_Merged_RAW_ch01.tif:07696-07249,0.821,0.711,0.173,3.843,4643.395,4929.084,0.641,1.281,0.698,2.000,0.500,1.000
299,Result of BEFORE_GA3_A4 Region1_Merged_RAW_ch01.tif:07719-07178,24.208,1.893,0.365,23.060,4594.713,4941.895,6.406,5.124,0.572,1.118,0.895,0.881
300,Result of BEFORE_GA3_A4 Region1_Merged_RAW_ch01.tif:07739-04538,1.231,0.828,0.115,5.124,2906.206,4956.628,1.281,1.281,0.589,1.464,0.683,0.857
301,Result of BEFORE_GA3_A4 Region1_Merged_RAW_ch01.tif:07754-05691,17.643,1.715,0.401,19.217,3643.486,4964.314,3.843,5.765,0.600,1.466,0.682,0.905
302,Result of BEFORE_GA3_A4 Region1_Merged_RAW_ch01.tif:07759-05412,23.388,1.216,0.182,24.341,3463.490,4967.517,6.406,5.124,0.496,1.245,0.803,0.857
303,Result of BEFORE_GA3_A4 Region1_Merged_RAW_ch01.tif:07773-04381,6.975,1.509,0.280,14.092,2804.357,4977.766,3.843,3.203,0.441,1.447,0.691,0.756
304,Result of BEFORE_GA3_A4 Region1_Merged_RAW_ch01.tif:07804-07805,12.309,1.548,0.280,17.936,4996.983,4996.983,5.124,3.843,0.481,1.603,0.624,0.833
305,Result of BEFORE_GA3_A4 Region1_Merged_RAW_ch01.tif:07814-03004,13.540,0.654,0.189,23.060,1922.311,5002.748,4.484,5.124,0.320,1.190,0.840,0.750
306,Result of BEFORE_GA3_A4 Region1_Merged_RAW_ch01.tif:07835-07087,86.986,1.009,0.150,44.839,4532.579,5014.918,14.733,7.687,0.544,2.145,0.466,0.916
307,Result of BEFORE_GA3_A4 Region1_Merged_RAW_ch01.tif:07855-05213,0.410,1.000,0.000,2.562,3339.222,5031.573,0.641,0.641,0.785,1.000,1.000,1.000
308,Result of BEFORE_GA3_A4 Region1_Merged_RAW_ch01.tif:07859-05214,8.617,1.269,0.318,14.092,3337.941,5032.854,3.843,3.203,0.545,1.112,0.899,0.857
309,Result of BEFORE_GA3_A4 Region1_Merged_RAW_ch01.tif:07864-04488,0.410,1.750,0.000,2.562,2874.818,5037.338,0.641,0.641,0.785,1.000,1.000,1.000
310,Result of BEFORE_GA3_A4 Region1_Merged_RAW_ch01.tif:07879-09919,7.796,1.493,0.212,12.811,6352.401,5045.665,3.203,3.203,0.597,1.528,0.654,0.884
311,Result of BEFORE_GA3_A4 Region1_Merged_RAW_ch01.tif:07903-02132,84.935,0.899,0.226,44.839,1360.542,5057.195,10.249,10.889,0.531,1.144,0.874,0.930
312,Result of BEFORE_GA3_A4 Region1_Merged_RAW_ch01.tif:07912-05391,14.361,1.479,0.209,17.936,3451.319,5066.163,4.484,4.484,0.561,1.107,0.903,0.864
313,Result of BEFORE_GA3_A4 Region1_Merged_RAW_ch01.tif:07920-04433,11.489,0.973,0.163,15.373,2837.666,5071.287,3.843,3.843,0.611,1.247,0.802,0.889
314,Result of BEFORE_GA3_A4 Region1_Merged_RAW_ch01.tif:07962-03203,23.798,1.868,0.341,23.060,2049.141,5097.550,5.765,5.765,0.562,1.058,0.946,0.879
315,Result of BEFORE_GA3_A4 Region1_Merged_RAW_ch01.tif:07973-05318,30.363,1.054,0.297,30.747,3403.278,5103.315,6.406,7.687,0.404,1.707,0.586,0.800
316,Result of BEFORE_GA3_A4 Region1_Merged_RAW_ch01.tif:07989-02118,12.720,1.248,0.183,16.654,1354.777,5115.486,4.484,3.843,0.576,1.071,0.934,0.873
317,Result of BEFORE_GA3_A4 Region1_Merged_RAW_ch01.tif:08011-08038,59.085,2.244,0.412,35.871,5144.311,5127.016,8.968,8.968,0.577,1.071,0.934,0.911
318,Result of BEFORE_GA3_A4 Region1_Merged_RAW_ch01.tif:08041-04562,13.951,1.284,0.195,16.654,2920.938,5148.154,3.203,5.124,0.632,1.594,0.627,0.932
319,Result of BEFORE_GA3_A4 Region1_Merged_RAW_ch01.tif:08046-05904,14.771,0.803,0.102,17.936,3779.925,5151.997,4.484,4.484,0.577,1.106,0.904,0.867
320,Result of BEFORE_GA3_A4 Region1_Merged_RAW_ch01.tif:08046-06912,21.747,1.059,0.133,23.060,4424.325,5151.997,6.406,4.484,0.514,1.460,0.685,0.883
321,Result of BEFORE_GA3_A4 Region1_Merged_RAW_ch01.tif:08048-04060,37.749,0.954,0.203,28.184,2597.457,5151.997,7.046,7.046,0.597,1.036,0.965,0.906
322,Result of BEFORE_GA3_A4 Region1_Merged_RAW_ch01.tif:08061-03471,7.386,0.754,0.085,14.092,2222.091,5162.246,3.203,3.203,0.467,1.204,0.831,0.837
323,Result of BEFORE_GA3_A4 Region1_Merged_RAW_ch01.tif:08058-05516,64.009,0.808,0.132,43.558,3528.827,5156.481,8.968,10.889,0.424,1.298,0.771,0.817
324,Result of BEFORE_GA3_A4 Region1_Merged_RAW_ch01.tif:08067-07672,19.285,1.351,0.195,20.498,4911.789,5165.449,5.765,4.484,0.577,1.346,0.743,0.895
325,Result of BEFORE_GA3_A4 Region1_Merged_RAW_ch01.tif:08070-08264,25.439,1.703,0.312,21.779,5290.998,5166.730,5.124,5.765,0.674,1.229,0.814,0.939
326,Result of BEFORE_GA3_A4 Region1_Merged_RAW_ch01.tif:08081-05391,63.598,0.907,0.147,37.152,3448.757,5171.855,9.608,8.968,0.579,1.121,0.892,0.923
327,Result of BEFORE_GA3_A4 Region1_Merged_RAW_ch01.tif:08097-02991,40.211,1.400,0.272,28.184,1912.702,5183.385,7.046,7.046,0.636,1.088,0.919,0.938
328,Result of BEFORE_GA3_A4 Region1_Merged_RAW_ch01.tif:08102-05551,9.027,1.962,0.263,15.373,3553.168,5188.509,5.124,2.562,0.480,1.761,0.568,0.846
329,Result of BEFORE_GA3_A4 Region1_Merged_RAW_ch01.tif:08110-05498,12.309,1.170,0.105,16.654,3519.859,5192.993,4.484,3.843,0.558,1.340,0.746,0.857
330,Result of BEFORE_GA3_A4 Region1_Merged_RAW_ch01.tif:08131-01886,0.410,1.333,0.000,2.562,1208.090,5208.366,0.641,0.641,0.785,1.000,1.000,1.000
331,Result of BEFORE_GA3_A4 Region1_Merged_RAW_ch01.tif:08123-01883,97.244,0.806,0.146,51.245,1200.403,5197.477,11.530,12.171,0.465,1.077,0.928,0.881
332,Result of BEFORE_GA3_A4 Region1_Merged_RAW_ch01.tif:08134-01885,0.410,1.158,0.000,2.562,1207.449,5210.288,0.641,0.641,0.785,1.000,1.000,1.000
333,Result of BEFORE_GA3_A4 Region1_Merged_RAW_ch01.tif:08142-04090,20.105,0.889,0.456,21.779,2617.315,5212.850,5.765,5.124,0.533,1.018,0.983,0.867
334,Result of BEFORE_GA3_A4 Region1_Merged_RAW_ch01.tif:08166-04015,22.567,1.397,0.196,23.060,2569.273,5228.224,5.765,5.765,0.533,1.147,0.872,0.859
335,Result of BEFORE_GA3_A4 Region1_Merged_RAW_ch01.tif:08176-05829,57.854,0.856,0.235,38.433,3729.962,5232.067,8.327,10.249,0.492,1.415,0.707,0.890
336,Result of BEFORE_GA3_A4 Region1_Merged_RAW_ch01.tif:08183-04240,42.262,1.742,0.278,30.747,2712.117,5237.832,7.687,7.687,0.562,1.085,0.921,0.904
337,Result of BEFORE_GA3_A4 Region1_Merged_RAW_ch01.tif:08183-05536,63.598,1.267,0.156,37.152,3540.997,5237.832,10.249,8.327,0.579,1.290,0.775,0.925
338,Result of BEFORE_GA3_A4 Region1_Merged_RAW_ch01.tif:08219-03174,86.166,1.025,0.149,44.839,2027.362,5259.611,11.530,10.249,0.539,1.106,0.904,0.909
339,Result of BEFORE_GA3_A4 Region1_Merged_RAW_ch01.tif:08235-05856,22.157,1.274,0.447,21.779,3748.538,5272.422,5.765,5.124,0.587,1.113,0.898,0.885
340,Result of BEFORE_GA3_A4 Region1_Merged_RAW_ch01.tif:08251-05039,6.975,1.630,0.231,12.811,3226.484,5283.952,3.203,3.203,0.534,1.250,0.800,0.829
341,Result of BEFORE_GA3_A4 Region1_Merged_RAW_ch01.tif:08266-08716,11.489,2.114,0.305,15.373,5581.170,5292.920,3.843,3.843,0.611,1.077,0.929,0.889
342,Result of BEFORE_GA3_A4 Region1_Merged_RAW_ch01.tif:08287-09014,20.926,1.599,0.232,21.779,5771.416,5305.731,5.124,5.124,0.554,1.007,0.993,0.903
343,Result of BEFORE_GA3_A4 Region1_Merged_RAW_ch01.tif:08308-07362,50.058,1.445,0.214,33.309,4711.294,5317.902,8.968,7.687,0.567,1.215,0.823,0.910
344,Result of BEFORE_GA3_A4 Region1_Merged_RAW_ch01.tif:08343-04260,3.693,1.056,0.093,11.530,2726.850,5343.524,3.843,1.922,0.349,3.163,0.316,0.667
345,Result of BEFORE_GA3_A4 Region1_Merged_RAW_ch01.tif:08352-05687,6.565,1.350,0.207,12.811,3641.565,5348.648,3.203,3.203,0.503,1.452,0.689,0.821
346,Result of BEFORE_GA3_A4 Region1_Merged_RAW_ch01.tif:08411-08658,77.139,1.551,0.281,40.996,5540.815,5382.598,10.249,10.249,0.577,1.025,0.975,0.922
347,Result of BEFORE_GA3_A4 Region1_Merged_RAW_ch01.tif:08418-05933,9.848,2.520,0.295,14.092,3799.142,5390.284,3.203,3.843,0.623,1.222,0.818,0.906
348,Result of BEFORE_GA3_A4 Region1_Merged_RAW_ch01.tif:08486-04479,1.641,1.178,0.130,6.406,2868.413,5435.123,1.281,1.922,0.503,2.031,0.492,0.800
349,Result of BEFORE_GA3_A4 Region1_Merged_RAW_ch01.tif:08522-02009,13.540,1.936,0.245,16.654,1284.957,5456.902,4.484,3.843,0.613,1.071,0.934,0.904
350,Result of BEFORE_GA3_A4 Region1_Merged_RAW_ch01.tif:08551-04374,18.874,1.562,0.231,21.779,2799.233,5474.838,5.765,5.124,0.500,1.388,0.720,0.876
351,Result of BEFORE_GA3_A4 Region1_Merged_RAW_ch01.tif:08651-05607,28.722,1.119,0.126,24.341,3589.039,5538.253,5.765,6.406,0.609,1.218,0.821,0.909
352,Result of BEFORE_GA3_A4 Region1_Merged_RAW_ch01.tif:08683-04078,13.130,1.446,0.219,17.936,2610.268,5559.391,3.843,5.124,0.513,1.165,0.858,0.853
353,Result of BEFORE_GA3_A4 Region1_Merged_RAW_ch01.tif:08700-07188,63.598,1.855,0.343,38.433,4599.838,5568.359,8.968,9.608,0.541,1.142,0.875,0.917
354,Result of BEFORE_GA3_A4 Region1_Merged_RAW_ch01.tif:08750-02025,28.722,1.415,0.299,26.903,1293.924,5601.668,6.406,6.406,0.499,1.102,0.908,0.859
355,Result of BEFORE_GA3_A4 Region1_Merged_RAW_ch01.tif:08756-05528,9.437,1.778,0.216,14.092,3539.716,5606.793,3.203,3.843,0.597,1.422,0.703,0.885
356,Result of BEFORE_GA3_A4 Region1_Merged_RAW_ch01.tif:08772-07656,1.231,1.607,0.167,5.124,4903.461,5618.323,1.281,1.281,0.589,1.464,0.683,0.857
357,Result of BEFORE_GA3_A4 Region1_Merged_RAW_ch01.tif:08786-04671,6.155,2.104,0.279,12.811,2990.759,5626.650,2.562,3.203,0.471,1.233,0.811,0.857
358,Result of BEFORE_GA3_A4 Region1_Merged_RAW_ch01.tif:08852-03930,8.617,1.589,0.262,14.092,2515.466,5668.927,3.843,3.203,0.545,1.131,0.884,0.840
359,Result of BEFORE_GA3_A4 Region1_Merged_RAW_ch01.tif:08858-04051,22.978,1.236,0.213,23.060,2592.333,5671.489,5.765,5.765,0.543,1.092,0.916,0.868
360,Result of BEFORE_GA3_A4 Region1_Merged_RAW_ch01.tif:08891-07172,43.493,1.642,0.348,29.466,4590.870,5691.346,7.046,7.687,0.630,1.155,0.866,0.922
361,Result of BEFORE_GA3_A4 Region1_Merged_RAW_ch01.tif:08906-07039,50.468,1.302,0.230,33.309,4505.035,5700.954,8.327,8.327,0.572,1.047,0.955,0.908
362,Result of BEFORE_GA3_A4 Region1_Merged_RAW_ch01.tif:08910-03907,56.623,0.735,0.123,34.590,2498.171,5703.517,8.968,8.327,0.595,1.037,0.964,0.917
363,Result of BEFORE_GA3_A4 Region1_Merged_RAW_ch01.tif:08920-03190,13.540,1.964,0.362,16.654,2041.454,5711.844,4.484,3.843,0.613,1.133,0.883,0.892
364,Result of BEFORE_GA3_A4 Region1_Merged_RAW_ch01.tif:08941-04459,12.720,1.026,0.159,28.184,2854.321,5724.655,4.484,5.124,0.201,1.043,0.959,0.681
365,Result of BEFORE_GA3_A4 Region1_Merged_RAW_ch01.tif:08945-03936,0.410,1.158,0.000,2.562,2521.231,5729.780,0.641,0.641,0.785,1.000,1.000,1.000
366,Result of BEFORE_GA3_A4 Region1_Merged_RAW_ch01.tif:08954-03935,11.899,1.089,0.172,15.373,2519.309,5733.623,3.203,4.484,0.633,1.529,0.654,0.906
367,Result of BEFORE_GA3_A4 Region1_Merged_RAW_ch01.tif:08978-09755,26.670,1.808,0.322,24.341,6245.428,5748.356,6.406,5.765,0.566,1.091,0.917,0.884
368,Result of BEFORE_GA3_A4 Region1_Merged_RAW_ch01.tif:08994-07902,35.697,2.096,0.496,26.903,5058.476,5757.964,6.406,7.046,0.620,1.079,0.927,0.921
369,Result of BEFORE_GA3_A4 Region1_Merged_RAW_ch01.tif:09001-05661,22.567,1.352,0.262,23.060,3623.629,5763.088,5.765,5.765,0.533,1.111,0.900,0.873
370,Result of BEFORE_GA3_A4 Region1_Merged_RAW_ch01.tif:09010-08816,15.182,2.015,0.308,17.936,5645.226,5769.494,4.484,4.484,0.593,1.186,0.843,0.892
371,Result of BEFORE_GA3_A4 Region1_Merged_RAW_ch01.tif:09086-07220,10.668,2.128,0.503,15.373,4622.898,5818.176,3.843,3.843,0.567,1.289,0.776,0.852
372,Result of BEFORE_GA3_A4 Region1_Merged_RAW_ch01.tif:09089-06102,20.926,1.215,0.160,21.779,3906.115,5819.457,5.765,5.124,0.554,1.009,0.991,0.887
373,Result of BEFORE_GA3_A4 Region1_Merged_RAW_ch01.tif:09108-05495,0.821,2.071,0.101,3.843,3519.859,5833.550,0.641,1.281,0.698,2.000,0.500,1.000
374,Result of BEFORE_GA3_A4 Region1_Merged_RAW_ch01.tif:09143-03025,63.598,1.254,0.237,37.152,1933.841,5851.485,8.327,10.249,0.579,1.232,0.812,0.914
375,Result of BEFORE_GA3_A4 Region1_Merged_RAW_ch01.tif:09287-04577,23.388,1.455,0.337,21.779,2929.906,5945.647,4.484,6.406,0.620,1.358,0.736,0.919
376,Result of BEFORE_GA3_A4 Region1_Merged_RAW_ch01.tif:09305-03908,34.056,1.320,0.338,28.184,2500.093,5957.177,7.046,7.046,0.539,1.175,0.851,0.874
377,Result of BEFORE_GA3_A4 Region1_Merged_RAW_ch01.tif:09352-03332,2.052,2.000,0.143,7.687,2133.694,5989.846,1.922,1.922,0.436,2.308,0.433,0.769
378,Result of BEFORE_GA3_A4 Region1_Merged_RAW_ch01.tif:09379-04176,1.641,0.759,0.168,7.687,2674.324,6006.500,1.281,2.562,0.349,3.093,0.323,0.667
379,Result of BEFORE_GA3_A4 Region1_Merged_RAW_ch01.tif:09380-04180,11.899,0.964,0.246,19.217,2675.605,6006.500,4.484,4.484,0.405,1.363,0.734,0.773
380,Result of BEFORE_GA3_A4 Region1_Merged_RAW_ch01.tif:09385-03364,25.439,1.927,0.422,23.060,2151.630,6009.062,6.406,5.124,0.601,1.373,0.728,0.919
381,Result of BEFORE_GA3_A4 Region1_Merged_RAW_ch01.tif:09465-08469,70.163,1.078,0.183,47.401,5419.750,6056.463,10.249,12.811,0.392,2.043,0.489,0.807
382,Result of BEFORE_GA3_A4 Region1_Merged_RAW_ch01.tif:09484-04431,9.027,1.725,0.224,14.092,2837.026,6073.118,3.203,3.843,0.571,1.292,0.774,0.863
383,Result of BEFORE_GA3_A4 Region1_Merged_RAW_ch01.tif:09481-03942,59.906,1.116,0.255,35.871,2520.591,6069.275,9.608,8.327,0.585,1.169,0.856,0.912
384,Result of BEFORE_GA3_A4 Region1_Merged_RAW_ch01.tif:09519-03921,16.002,1.216,0.162,23.060,2509.061,6094.897,5.124,5.124,0.378,1.146,0.873,0.780
385,Result of BEFORE_GA3_A4 Region1_Merged_RAW_ch01.tif:09524-05553,38.980,1.468,0.182,28.184,3553.808,6096.818,6.406,7.687,0.617,1.164,0.859,0.922
386,Result of BEFORE_GA3_A4 Region1_Merged_RAW_ch01.tif:09543-07835,27.901,1.111,0.128,25.622,5015.559,6110.270,7.046,5.765,0.534,1.261,0.793,0.872
387,Result of BEFORE_GA3_A4 Region1_Merged_RAW_ch01.tif:09562-06587,14.771,1.488,0.389,20.498,4216.785,6123.081,5.765,3.843,0.442,1.743,0.574,0.800
388,Result of BEFORE_GA3_A4 Region1_Merged_RAW_ch01.tif:09581-03501,25.439,1.178,0.201,23.060,2239.386,6134.611,6.406,5.124,0.601,1.326,0.754,0.912
389,Result of BEFORE_GA3_A4 Region1_Merged_RAW_ch01.tif:09591-07898,0.410,0.737,0.000,2.562,5059.117,6143.579,0.641,0.641,0.785,1.000,1.000,1.000
390,Result of BEFORE_GA3_A4 Region1_Merged_RAW_ch01.tif:09589-04485,32.415,0.972,0.319,24.341,2869.694,6139.736,6.406,5.765,0.687,1.124,0.890,0.946
391,Result of BEFORE_GA3_A4 Region1_Merged_RAW_ch01.tif:09594-07898,3.693,1.161,0.260,14.092,5057.836,6144.220,3.203,3.203,0.234,2.881,0.347,0.621
392,Result of BEFORE_GA3_A4 Region1_Merged_RAW_ch01.tif:09596-07900,0.821,1.421,0.394,5.124,5059.757,6146.141,1.281,1.281,0.393,2.646,0.378,0.667
393,Result of BEFORE_GA3_A4 Region1_Merged_RAW_ch01.tif:09597-05785,49.238,1.363,0.265,33.309,3701.777,6143.579,8.327,8.327,0.558,1.375,0.727,0.909
394,Result of BEFORE_GA3_A4 Region1_Merged_RAW_ch01.tif:09649-07888,0.410,1.429,0.000,2.562,5052.711,6180.731,0.641,0.641,0.785,1.000,1.000,1.000
395,Result of BEFORE_GA3_A4 Region1_Merged_RAW_ch01.tif:09653-04279,17.643,0.963,0.095,23.060,2738.380,6180.731,5.124,5.124,0.417,1.441,0.694,0.835
396,Result of BEFORE_GA3_A4 Region1_Merged_RAW_ch01.tif:09676-03477,3.283,1.136,0.105,12.811,2225.934,6196.745,2.562,2.562,0.251,1.577,0.634,0.615
397,Result of BEFORE_GA3_A4 Region1_Merged_RAW_ch01.tif:09686-06490,28.722,2.335,0.416,25.622,4154.010,6201.229,6.406,6.406,0.550,1.065,0.939,0.881
398,Result of BEFORE_GA3_A4 Region1_Merged_RAW_ch01.tif:09728-03484,22.157,1.367,0.283,21.779,2229.137,6228.773,5.124,5.765,0.587,1.092,0.916,0.893
399,Result of BEFORE_GA3_A4 Region1_Merged_RAW_ch01.tif:09730-04680,8.206,1.887,0.324,12.811,2997.165,6230.695,1.922,4.484,0.628,2.299,0.435,0.976
400,Result of BEFORE_GA3_A4 Region1_Merged_RAW_ch01.tif:09745-04240,37.749,0.871,0.097,29.466,2712.117,6239.022,8.327,6.406,0.546,1.228,0.814,0.876
401,Result of BEFORE_GA3_A4 Region1_Merged_RAW_ch01.tif:09758-03923,22.567,1.290,0.196,23.060,2510.342,6247.990,5.765,5.124,0.533,1.075,0.930,0.887
402,Result of BEFORE_GA3_A4 Region1_Merged_RAW_ch01.tif:09772-03557,3.693,1.723,0.249,8.968,2277.179,6258.879,2.562,1.922,0.577,1.340,0.746,0.857
403,Result of BEFORE_GA3_A4 Region1_Merged_RAW_ch01.tif:09779-03797,17.233,1.659,0.292,19.217,2429.631,6262.082,5.124,4.484,0.586,1.349,0.741,0.894
404,Result of BEFORE_GA3_A4 Region1_Merged_RAW_ch01.tif:09802-06714,28.722,0.991,0.111,25.622,4297.495,6275.534,6.406,6.406,0.550,1.047,0.955,0.886
405,Result of BEFORE_GA3_A4 Region1_Merged_RAW_ch01.tif:09809-06913,11.489,1.396,0.173,15.373,4426.887,6281.299,3.203,4.484,0.611,1.391,0.719,0.903
406,Result of BEFORE_GA3_A4 Region1_Merged_RAW_ch01.tif:09855-09101,4.103,1.869,0.183,8.968,5828.425,6312.046,2.562,1.922,0.641,1.559,0.641,0.909
407,Result of BEFORE_GA3_A4 Region1_Merged_RAW_ch01.tif:09870-07669,6.975,1.344,0.248,12.811,4911.148,6321.013,3.203,3.203,0.534,1.288,0.776,0.829
408,Result of BEFORE_GA3_A4 Region1_Merged_RAW_ch01.tif:09896-04519,39.800,1.311,0.259,30.747,2890.832,6335.106,7.687,7.687,0.529,1.094,0.914,0.886
409,Result of BEFORE_GA3_A4 Region1_Merged_RAW_ch01.tif:09900-06723,29.953,2.027,0.449,25.622,4303.260,6338.308,6.406,6.406,0.573,1.077,0.928,0.901
410,Result of BEFORE_GA3_A4 Region1_Merged_RAW_ch01.tif:09911-08483,12.720,1.634,0.223,16.654,5431.921,6346.636,4.484,3.843,0.576,1.117,0.895,0.886
411,Result of BEFORE_GA3_A4 Region1_Merged_RAW_ch01.tif:09910-04767,22.567,0.982,0.146,21.779,3050.971,6345.354,5.124,5.765,0.598,1.108,0.902,0.909
412,Result of BEFORE_GA3_A4 Region1_Merged_RAW_ch01.tif:09933-09256,14.771,1.890,0.294,17.936,5926.430,6361.368,5.765,3.203,0.577,1.668,0.600,0.911
413,Result of BEFORE_GA3_A4 Region1_Merged_RAW_ch01.tif:09940-05051,19.285,1.441,0.163,21.779,3232.890,6364.571,5.765,5.124,0.511,1.182,0.846,0.832
414,Result of BEFORE_GA3_A4 Region1_Merged_RAW_ch01.tif:09943-08963,16.002,1.745,0.355,19.217,5739.388,6366.493,4.484,5.124,0.545,1.297,0.771,0.857
415,Result of BEFORE_GA3_A4 Region1_Merged_RAW_ch01.tif:09968-06251,37.749,1.658,0.346,29.466,4000.276,6381.866,7.687,7.046,0.546,1.230,0.813,0.885
416,Result of BEFORE_GA3_A4 Region1_Merged_RAW_ch01.tif:09994-06198,27.081,1.565,0.238,24.341,3966.968,6399.161,6.406,5.765,0.574,1.288,0.777,0.892
417,Result of BEFORE_GA3_A4 Region1_Merged_RAW_ch01.tif:09998-04277,14.361,0.996,0.180,19.217,2737.739,6402.364,4.484,4.484,0.489,1.331,0.751,0.854
418,Result of BEFORE_GA3_A4 Region1_Merged_RAW_ch01.tif:10038-06022,69.753,1.483,0.364,38.433,3852.948,6425.424,9.608,9.608,0.593,1.041,0.961,0.932
419,Result of BEFORE_GA3_A4 Region1_Merged_RAW_ch01.tif:10049-06926,9.848,1.146,0.108,16.654,4434.574,6435.673,4.484,3.203,0.446,1.309,0.764,0.814
420,Result of BEFORE_GA3_A4 Region1_Merged_RAW_ch01.tif:10056-08522,20.105,1.992,0.364,21.779,5455.621,6439.516,6.406,4.484,0.533,1.633,0.612,0.875
421,Result of BEFORE_GA3_A4 Region1_Merged_RAW_ch01.tif:10057-05671,27.901,1.035,0.165,25.622,3629.394,6439.516,6.406,5.765,0.534,1.163,0.860,0.883
422,Result of BEFORE_GA3_A4 Region1_Merged_RAW_ch01.tif:10080-05702,0.410,1.364,0.000,2.562,3652.454,6456.811,0.641,0.641,0.785,1.000,1.000,1.000
423,Result of BEFORE_GA3_A4 Region1_Merged_RAW_ch01.tif:10093-06083,29.132,0.696,0.097,24.341,3893.304,6462.576,6.406,5.765,0.618,1.217,0.822,0.916
424,Result of BEFORE_GA3_A4 Region1_Merged_RAW_ch01.tif:10100-05436,31.594,1.399,0.211,26.903,3478.863,6466.420,6.406,7.046,0.549,1.196,0.836,0.890
425,Result of BEFORE_GA3_A4 Region1_Merged_RAW_ch01.tif:10103-05983,49.648,1.368,0.194,32.028,3828.607,6467.701,7.687,8.327,0.608,1.176,0.850,0.920
426,Result of BEFORE_GA3_A4 Region1_Merged_RAW_ch01.tif:10113-06989,3.283,0.863,0.135,11.530,4476.210,6476.669,1.922,3.203,0.310,2.310,0.433,0.696
427,Result of BEFORE_GA3_A4 Region1_Merged_RAW_ch01.tif:10125-07537,38.159,1.313,0.233,26.903,4824.673,6482.434,6.406,7.046,0.663,1.111,0.900,0.944
428,Result of BEFORE_GA3_A4 Region1_Merged_RAW_ch01.tif:10127-07706,26.670,2.070,0.363,23.060,4933.568,6484.355,5.765,5.765,0.630,1.023,0.978,0.922
429,Result of BEFORE_GA3_A4 Region1_Merged_RAW_ch01.tif:10155-08206,51.699,0.908,0.127,32.028,5252.565,6501.010,8.327,7.687,0.633,1.294,0.773,0.916
430,Result of BEFORE_GA3_A4 Region1_Merged_RAW_ch01.tif:10162-07533,3.283,1.314,0.202,8.968,4824.032,6508.696,2.562,1.922,0.513,1.939,0.516,0.842
431,Result of BEFORE_GA3_A4 Region1_Merged_RAW_ch01.tif:10169-08763,21.336,1.832,0.334,20.498,5610.636,6511.259,5.124,5.124,0.638,1.000,1.000,0.929
432,Result of BEFORE_GA3_A4 Region1_Merged_RAW_ch01.tif:10188-06030,0.410,1.000,0.000,2.562,3862.557,6525.991,0.641,0.641,0.785,1.000,1.000,1.000
433,Result of BEFORE_GA3_A4 Region1_Merged_RAW_ch01.tif:10184-06421,41.852,1.709,0.378,29.466,4109.812,6519.586,7.046,7.687,0.606,1.098,0.911,0.915
434,Result of BEFORE_GA3_A4 Region1_Merged_RAW_ch01.tif:10189-06034,5.744,1.075,0.154,14.092,3863.838,6524.710,3.203,3.843,0.363,1.745,0.573,0.737
435,Result of BEFORE_GA3_A4 Region1_Merged_RAW_ch01.tif:10191-06071,16.823,1.553,0.307,17.936,3886.898,6525.351,3.843,5.124,0.657,1.373,0.728,0.932
436,Result of BEFORE_GA3_A4 Region1_Merged_RAW_ch01.tif:10194-05173,2.872,1.944,0.363,11.530,3312.959,6528.554,1.281,3.203,0.271,2.609,0.383,0.737
437,Result of BEFORE_GA3_A4 Region1_Merged_RAW_ch01.tif:10196-04713,2.462,1.621,0.154,7.687,3018.303,6530.475,1.922,1.922,0.524,1.291,0.775,0.800
438,Result of BEFORE_GA3_A4 Region1_Merged_RAW_ch01.tif:10201-04557,1.231,1.821,0.600,5.124,2919.017,6533.678,0.641,1.922,0.589,3.000,0.333,1.000
439,Result of BEFORE_GA3_A4 Region1_Merged_RAW_ch01.tif:10197-04569,56.623,1.500,0.314,53.807,2920.298,6527.273,12.811,9.608,0.246,1.529,0.654,0.704
440,Result of BEFORE_GA3_A4 Region1_Merged_RAW_ch01.tif:10205-04404,36.928,2.244,0.566,26.903,2817.809,6533.678,6.406,7.046,0.641,1.174,0.852,0.928
441,Result of BEFORE_GA3_A4 Region1_Merged_RAW_ch01.tif:10222-04278,42.673,1.080,0.176,34.590,2735.818,6544.568,9.608,7.046,0.448,1.702,0.588,0.846
442,Result of BEFORE_GA3_A4 Region1_Merged_RAW_ch01.tif:10222-07441,37.749,1.385,0.182,28.184,4763.179,6544.568,7.046,7.046,0.597,1.134,0.882,0.920
443,Result of BEFORE_GA3_A4 Region1_Merged_RAW_ch01.tif:10251-05059,14.771,1.228,0.115,17.936,3238.655,6564.425,4.484,4.484,0.577,1.025,0.976,0.878
444,Result of BEFORE_GA3_A4 Region1_Merged_RAW_ch01.tif:10264-06083,33.646,1.717,0.239,29.466,3893.304,6570.830,7.046,7.687,0.487,1.890,0.529,0.868
445,Result of BEFORE_GA3_A4 Region1_Merged_RAW_ch01.tif:10349-04680,73.446,1.104,0.160,38.433,2993.321,6623.997,8.968,10.249,0.625,1.202,0.832,0.942
446,Result of BEFORE_GA3_A4 Region1_Merged_RAW_ch01.tif:10365-04006,7.796,2.259,0.427,14.092,2564.789,6638.089,3.203,3.203,0.493,1.417,0.706,0.864
447,Result of BEFORE_GA3_A4 Region1_Merged_RAW_ch01.tif:10373-04436,39.800,1.083,0.185,28.184,2838.307,6641.292,7.046,7.046,0.630,1.074,0.931,0.933
448,Result of BEFORE_GA3_A4 Region1_Merged_RAW_ch01.tif:10377-06362,25.439,1.014,0.141,23.060,4072.659,6644.494,5.765,5.765,0.601,1.085,0.922,0.912
449,Result of BEFORE_GA3_A4 Region1_Merged_RAW_ch01.tif:10414-05774,17.643,2.027,0.356,19.217,3696.653,6668.195,4.484,5.124,0.600,1.177,0.850,0.905
450,Result of BEFORE_GA3_A4 Region1_Merged_RAW_ch01.tif:10460-06772,8.617,2.287,0.297,14.092,4335.928,6698.942,3.843,3.203,0.545,1.167,0.857,0.840
451,Result of BEFORE_GA3_A4 Region1_Merged_RAW_ch01.tif:10463-06065,1.231,1.362,0.434,5.124,3884.336,6701.504,1.281,1.281,0.589,1.464,0.683,0.857
452,Result of BEFORE_GA3_A4 Region1_Merged_RAW_ch01.tif:10467-06062,1.231,0.899,0.059,5.124,3882.414,6704.707,1.922,0.641,0.589,3.000,0.333,1.000
453,Result of BEFORE_GA3_A4 Region1_Merged_RAW_ch01.tif:10504-04548,25.439,1.623,0.245,23.060,2910.690,6725.845,5.765,5.765,0.601,1.095,0.913,0.912
454,Result of BEFORE_GA3_A4 Region1_Merged_RAW_ch01.tif:10508-08853,22.978,2.270,0.352,21.779,5668.286,6728.407,5.765,5.124,0.609,1.107,0.904,0.896
455,Result of BEFORE_GA3_A4 Region1_Merged_RAW_ch01.tif:10530-04602,3.693,1.673,0.057,8.968,2946.561,6744.421,2.562,1.922,0.577,1.340,0.746,0.857
456,Result of BEFORE_GA3_A4 Region1_Merged_RAW_ch01.tif:10531-04622,54.982,1.129,0.315,33.309,2956.810,6741.859,8.327,8.327,0.623,1.029,0.972,0.931
457,Result of BEFORE_GA3_A4 Region1_Merged_RAW_ch01.tif:10557-07953,41.442,0.885,0.101,30.747,5090.504,6758.514,7.687,7.687,0.551,1.315,0.761,0.894
458,Result of BEFORE_GA3_A4 Region1_Merged_RAW_ch01.tif:10600-07474,0.821,0.966,0.136,5.124,4786.880,6789.260,1.281,1.281,0.393,2.646,0.378,0.667
459,Result of BEFORE_GA3_A4 Region1_Merged_RAW_ch01.tif:10603-07061,1.231,1.174,0.142,6.406,4522.330,6791.182,1.922,1.281,0.377,2.702,0.370,0.667
460,Result of BEFORE_GA3_A4 Region1_Merged_RAW_ch01.tif:10603-07473,0.410,1.150,0.000,2.562,4786.880,6791.822,0.641,0.641,0.785,1.000,1.000,1.000
461,Result of BEFORE_GA3_A4 Region1_Merged_RAW_ch01.tif:10604-07053,5.744,1.056,0.265,14.092,4515.925,6791.182,4.484,2.562,0.363,3.601,0.278,0.737
462,Result of BEFORE_GA3_A4 Region1_Merged_RAW_ch01.tif:10606-07470,0.410,1.000,0.000,2.562,4784.958,6793.744,0.641,0.641,0.785,1.000,1.000,1.000
463,Result of BEFORE_GA3_A4 Region1_Merged_RAW_ch01.tif:10608-07470,0.410,0.905,0.000,2.562,4784.958,6795.025,0.641,0.641,0.785,1.000,1.000,1.000
464,Result of BEFORE_GA3_A4 Region1_Merged_RAW_ch01.tif:10611-07051,0.821,2.402,0.038,3.843,4515.925,6796.947,1.281,0.641,0.698,2.000,0.500,1.000
465,Result of BEFORE_GA3_A4 Region1_Merged_RAW_ch01.tif:10613-07049,0.410,1.308,0.000,2.562,4515.284,6798.228,0.641,0.641,0.785,1.000,1.000,1.000
466,Result of BEFORE_GA3_A4 Region1_Merged_RAW_ch01.tif:10614-08716,4.103,1.577,0.324,10.249,5581.811,6798.228,3.203,1.922,0.491,1.577,0.634,0.800
467,Result of BEFORE_GA3_A4 Region1_Merged_RAW_ch01.tif:10616-06528,0.410,1.700,0.000,2.562,4181.554,6800.150,0.641,0.641,0.785,1.000,1.000,1.000
468,Result of BEFORE_GA3_A4 Region1_Merged_RAW_ch01.tif:10617-06536,4.924,1.794,0.271,10.249,4185.397,6799.509,2.562,2.562,0.589,1.000,1.000,0.857
469,Result of BEFORE_GA3_A4 Region1_Merged_RAW_ch01.tif:10620-07053,0.410,2.222,0.000,2.562,4517.846,6802.712,0.641,0.641,0.785,1.000,1.000,1.000
470,Result of BEFORE_GA3_A4 Region1_Merged_RAW_ch01.tif:10624-06529,27.901,1.016,0.202,38.433,4177.711,6802.071,8.968,6.406,0.237,2.296,0.436,0.743
471,Result of BEFORE_GA3_A4 Region1_Merged_RAW_ch01.tif:10634-06691,8.617,1.157,0.150,14.092,4284.043,6810.399,3.843,3.203,0.545,1.348,0.742,0.840
472,Result of BEFORE_GA3_A4 Region1_Merged_RAW_ch01.tif:10697-07537,71.394,0.984,0.115,39.715,4823.392,6846.910,8.968,10.889,0.569,1.173,0.852,0.913
473,Result of BEFORE_GA3_A4 Region1_Merged_RAW_ch01.tif:10740-07729,2.052,1.366,0.351,6.406,4950.222,6878.938,1.922,1.281,0.628,1.553,0.644,0.909
474,Result of BEFORE_GA3_A4 Region1_Merged_RAW_ch01.tif:10766-07515,0.410,0.950,0.000,2.562,4813.783,6896.233,0.641,0.641,0.785,1.000,1.000,1.000
475,Result of BEFORE_GA3_A4 Region1_Merged_RAW_ch01.tif:10770-07516,0.821,1.619,0.429,3.843,4813.783,6898.795,1.281,0.641,0.698,2.000,0.500,1.000
476,Result of BEFORE_GA3_A4 Region1_Merged_RAW_ch01.tif:10802-05737,20.926,1.046,0.187,19.217,3672.952,6916.731,4.484,5.124,0.712,1.127,0.887,0.953
477,Result of BEFORE_GA3_A4 Region1_Merged_RAW_ch01.tif:10813-08866,54.982,1.310,0.181,35.871,5675.332,6921.856,8.327,8.968,0.537,1.246,0.803,0.912
478,Result of BEFORE_GA3_A4 Region1_Merged_RAW_ch01.tif:10935-05625,0.410,1.083,0.000,2.562,3603.131,7004.487,0.641,0.641,0.785,1.000,1.000,1.000
479,Result of BEFORE_GA3_A4 Region1_Merged_RAW_ch01.tif:10937-05627,0.410,1.071,0.000,2.562,3604.412,7005.768,0.641,0.641,0.785,1.000,1.000,1.000
480,Result of BEFORE_GA3_A4 Region1_Merged_RAW_ch01.tif:10948-05207,0.410,1.625,0.000,2.562,3335.379,7012.815,0.641,0.641,0.785,1.000,1.000,1.000
481,Result of BEFORE_GA3_A4 Region1_Merged_RAW_ch01.tif:10945-07514,38.569,1.156,0.411,32.028,4809.300,7007.050,7.687,7.687,0.472,1.042,0.960,0.866
482,Result of BEFORE_GA3_A4 Region1_Merged_RAW_ch01.tif:10949-06011,6.565,1.421,0.198,14.092,3849.105,7012.174,3.203,3.203,0.415,1.249,0.801,0.762
483,Result of BEFORE_GA3_A4 Region1_Merged_RAW_ch01.tif:10947-05411,43.083,0.948,0.096,33.309,3462.209,7008.331,7.687,8.327,0.488,1.254,0.797,0.875
484,Result of BEFORE_GA3_A4 Region1_Merged_RAW_ch01.tif:10957-10683,28.312,1.322,0.146,25.622,6839.864,7015.377,6.406,6.406,0.542,1.061,0.942,0.879
485,Result of BEFORE_GA3_A4 Region1_Merged_RAW_ch01.tif:10988-06528,6.155,1.284,0.166,12.811,4180.273,7037.156,3.203,3.203,0.471,1.184,0.845,0.789
486,Result of BEFORE_GA3_A4 Region1_Merged_RAW_ch01.tif:10992-08613,21.747,1.300,0.163,21.779,5514.552,7038.437,5.124,5.765,0.576,1.098,0.911,0.898
487,Result of BEFORE_GA3_A4 Region1_Merged_RAW_ch01.tif:11144-08098,73.856,1.088,0.193,38.433,5182.744,7133.880,9.608,9.608,0.628,1.046,0.956,0.938
488,Result of BEFORE_GA3_A4 Region1_Merged_RAW_ch01.tif:11177-06513,1.641,1.290,0.168,7.687,4171.305,7158.861,1.281,1.922,0.349,1.637,0.611,0.727
489,Result of BEFORE_GA3_A4 Region1_Merged_RAW_ch01.tif:11191-07648,21.747,2.138,0.391,20.498,4896.415,7165.908,5.124,5.124,0.650,1.105,0.905,0.930
490,Result of BEFORE_GA3_A4 Region1_Merged_RAW_ch01.tif:11305-08040,1.231,1.301,0.164,5.124,5149.435,7240.853,1.281,1.281,0.589,1.464,0.683,0.857
491,Result of BEFORE_GA3_A4 Region1_Merged_RAW_ch01.tif:11307-08639,1.641,1.200,0.274,5.124,5533.129,7242.134,1.281,1.281,0.785,1.000,1.000,1.000
492,Result of BEFORE_GA3_A4 Region1_Merged_RAW_ch01.tif:11335-08769,32.825,1.484,0.285,26.903,5614.479,7256.867,5.765,7.687,0.570,1.447,0.691,0.894
493,Result of BEFORE_GA3_A4 Region1_Merged_RAW_ch01.tif:11332-07347,114.888,1.207,0.220,49.963,4700.405,7252.383,11.530,12.811,0.578,1.310,0.764,0.927
494,Result of BEFORE_GA3_A4 Region1_Merged_RAW_ch01.tif:11347-08275,93.962,1.068,0.241,46.120,5294.842,7263.272,12.171,10.889,0.555,1.119,0.894,0.912
495,Result of BEFORE_GA3_A4 Region1_Merged_RAW_ch01.tif:11378-09344,17.233,1.550,0.232,17.936,5983.440,7286.332,4.484,4.484,0.673,1.090,0.918,0.923
496,Result of BEFORE_GA3_A4 Region1_Merged_RAW_ch01.tif:11393-09252,22.157,2.023,0.324,21.779,5923.868,7295.300,5.765,5.124,0.587,1.132,0.883,0.893
497,Result of BEFORE_GA3_A4 Region1_Merged_RAW_ch01.tif:11432-06747,25.029,1.153,0.265,25.622,4318.633,7319.641,6.406,6.406,0.479,1.097,0.911,0.836
498,Result of BEFORE_GA3_A4 Region1_Merged_RAW_ch01.tif:11436-08889,20.926,1.791,0.357,21.779,5691.346,7322.844,5.765,5.124,0.554,1.338,0.747,0.879
499,Result of BEFORE_GA3_A4 Region1_Merged_RAW_ch01.tif:11445-10178,0.410,1.714,0.000,2.562,6519.586,7331.171,0.641,0.641,0.785,1.000,1.000,1.000
500,Result of BEFORE_GA3_A4 Region1_Merged_RAW_ch01.tif:11445-10175,4.513,1.775,0.306,12.811,6516.383,7329.890,2.562,3.203,0.346,1.361,0.735,0.688
501,Result of BEFORE_GA3_A4 Region1_Merged_RAW_ch01.tif:11482-07270,7.386,1.654,0.291,12.811,4654.925,7353.591,3.843,2.562,0.565,1.505,0.665,0.878
502,Result of BEFORE_GA3_A4 Region1_Merged_RAW_ch01.tif:11485-05547,18.054,1.069,0.092,28.184,3549.965,7354.231,6.406,5.765,0.286,2.447,0.409,0.721
503,Result of BEFORE_GA3_A4 Region1_Merged_RAW_ch01.tif:11504-06736,4.513,0.742,0.068,8.968,4313.509,7368.324,2.562,1.922,0.705,1.372,0.729,0.957
504,Result of BEFORE_GA3_A4 Region1_Merged_RAW_ch01.tif:11533-06145,13.130,1.679,0.292,16.654,3934.299,7385.619,3.843,4.484,0.595,1.149,0.870,0.877
505,Result of BEFORE_GA3_A4 Region1_Merged_RAW_ch01.tif:11550-05988,51.289,1.186,0.205,33.309,3831.170,7395.227,9.608,7.046,0.581,1.418,0.705,0.909
506,Result of BEFORE_GA3_A4 Region1_Merged_RAW_ch01.tif:11577-09668,40.211,1.395,0.223,28.184,6189.699,7412.522,7.046,7.046,0.636,1.074,0.932,0.929
507,Result of BEFORE_GA3_A4 Region1_Merged_RAW_ch01.tif:11578-01297,52.520,1.505,0.371,38.433,826.959,7411.881,8.327,8.968,0.447,1.171,0.854,0.877
508,Result of BEFORE_GA3_A4 Region1_Merged_RAW_ch01.tif:11609-00638,84.935,1.464,0.549,42.277,403.551,7431.098,10.889,10.249,0.597,1.106,0.904,0.930
509,Result of BEFORE_GA3_A4 Region1_Merged_RAW_ch01.tif:11614-05065,25.850,0.727,0.192,29.466,3241.217,7436.223,6.406,6.406,0.374,1.190,0.840,0.818
510,Result of BEFORE_GA3_A4 Region1_Merged_RAW_ch01.tif:11621-05062,0.410,1.032,0.000,2.562,3242.498,7443.909,0.641,0.641,0.785,1.000,1.000,1.000
511,Result of BEFORE_GA3_A4 Region1_Merged_RAW_ch01.tif:11630-07854,16.002,2.348,0.680,17.936,5029.011,7447.753,4.484,4.484,0.625,1.409,0.710,0.907
512,Result of BEFORE_GA3_A4 Region1_Merged_RAW_ch01.tif:11650-08198,64.009,1.297,0.237,38.433,5245.519,7458.642,11.530,7.687,0.545,1.424,0.702,0.902
513,Result of BEFORE_GA3_A4 Region1_Merged_RAW_ch01.tif:11673-08455,20.105,1.113,0.157,20.498,5413.345,7474.656,5.124,5.124,0.601,1.141,0.876,0.899
514,Result of BEFORE_GA3_A4 Region1_Merged_RAW_ch01.tif:11688-01229,0.410,1.286,0.000,2.562,787.244,7486.826,0.641,0.641,0.785,1.000,1.000,1.000
515,Result of BEFORE_GA3_A4 Region1_Merged_RAW_ch01.tif:11690-01228,0.821,1.038,0.054,3.843,785.963,7488.108,1.281,0.641,0.698,2.000,0.500,1.000
516,Result of BEFORE_GA3_A4 Region1_Merged_RAW_ch01.tif:11694-01233,1.231,0.806,0.069,5.124,789.166,7490.029,1.281,1.281,0.589,1.464,0.683,0.857
517,Result of BEFORE_GA3_A4 Region1_Merged_RAW_ch01.tif:11694-01228,1.641,1.252,0.095,7.687,785.963,7490.029,1.922,1.922,0.349,2.654,0.377,0.667
518,Result of BEFORE_GA3_A4 Region1_Merged_RAW_ch01.tif:11698-01229,1.231,1.331,0.368,5.124,786.604,7492.592,1.281,1.281,0.589,1.464,0.683,0.857
519,Result of BEFORE_GA3_A4 Region1_Merged_RAW_ch01.tif:11698-01231,0.821,1.086,0.205,3.843,788.525,7492.592,0.641,1.281,0.698,2.000,0.500,1.000
520,Result of BEFORE_GA3_A4 Region1_Merged_RAW_ch01.tif:11698-01238,0.410,1.364,0.000,2.562,793.009,7493.232,0.641,0.641,0.785,1.000,1.000,1.000
521,Result of BEFORE_GA3_A4 Region1_Merged_RAW_ch01.tif:11697-01429,8.617,1.508,0.488,15.373,913.434,7490.670,3.843,3.843,0.458,1.323,0.756,0.764
522,Result of BEFORE_GA3_A4 Region1_Merged_RAW_ch01.tif:11693-01233,64.009,1.211,0.248,43.558,785.322,7485.545,9.608,9.608,0.424,1.130,0.885,0.876
523,Result of BEFORE_GA3_A4 Region1_Merged_RAW_ch01.tif:11773-06175,32.415,1.475,0.262,29.466,3951.594,7538.071,7.687,6.406,0.469,1.693,0.591,0.868
524,Result of BEFORE_GA3_A4 Region1_Merged_RAW_ch01.tif:11773-04944,31.184,1.115,0.343,26.903,3164.350,7537.430,5.765,7.687,0.541,1.179,0.848,0.859
525,Result of BEFORE_GA3_A4 Region1_Merged_RAW_ch01.tif:11804-07049,35.697,1.545,0.271,28.184,4511.441,7557.928,7.687,6.406,0.565,1.239,0.807,0.897
526,Result of BEFORE_GA3_A4 Region1_Merged_RAW_ch01.tif:11828-07612,7.386,0.951,0.157,16.654,4874.636,7574.583,3.203,3.843,0.335,1.694,0.590,0.679
527,Result of BEFORE_GA3_A4 Region1_Merged_RAW_ch01.tif:11862-06895,25.029,1.660,0.352,23.060,4414.076,7595.721,5.765,5.765,0.591,1.125,0.889,0.884
528,Result of BEFORE_GA3_A4 Region1_Merged_RAW_ch01.tif:11870-00270,47.186,1.236,0.554,32.028,169.107,7599.564,7.687,8.327,0.578,1.171,0.854,0.902
529,Result of BEFORE_GA3_A4 Region1_Merged_RAW_ch01.tif:11875-05821,30.363,1.387,0.216,25.622,3726.118,7603.408,5.765,7.046,0.581,1.307,0.765,0.902
530,Result of BEFORE_GA3_A4 Region1_Merged_RAW_ch01.tif:11882-05338,0.821,1.654,0.163,3.843,3419.292,7610.454,0.641,1.281,0.698,2.000,0.500,1.000
531,Result of BEFORE_GA3_A4 Region1_Merged_RAW_ch01.tif:11908-06805,22.567,1.703,0.332,21.779,4356.426,7625.187,5.765,5.124,0.598,1.181,0.847,0.902
532,Result of BEFORE_GA3_A4 Region1_Merged_RAW_ch01.tif:11948-05122,4.103,1.179,0.186,8.968,3279.650,7652.731,2.562,1.922,0.641,1.384,0.723,0.909
533,Result of BEFORE_GA3_A4 Region1_Merged_RAW_ch01.tif:11949-05126,2.872,1.037,0.097,8.968,3282.853,7652.731,1.922,2.562,0.449,1.387,0.721,0.737
534,Result of BEFORE_GA3_A4 Region1_Merged_RAW_ch01.tif:11950-06376,2.052,0.814,0.105,6.406,4083.549,7654.012,1.922,1.281,0.628,1.553,0.644,0.909
535,Result of BEFORE_GA3_A4 Region1_Merged_RAW_ch01.tif:11952-06372,2.872,1.310,0.311,8.968,4080.987,7654.652,1.922,2.562,0.449,2.339,0.427,0.778
536,Result of BEFORE_GA3_A4 Region1_Merged_RAW_ch01.tif:11950-04770,34.056,1.162,0.126,26.903,3052.253,7651.450,6.406,7.046,0.591,1.148,0.871,0.912
537,Result of BEFORE_GA3_A4 Region1_Merged_RAW_ch01.tif:11956-06372,1.641,0.884,0.098,6.406,4080.987,7657.855,1.281,1.922,0.503,2.031,0.492,0.800
538,Result of BEFORE_GA3_A4 Region1_Merged_RAW_ch01.tif:11958-06377,2.052,0.992,0.072,6.406,4084.189,7659.136,1.922,1.281,0.628,1.553,0.644,0.909
539,Result of BEFORE_GA3_A4 Region1_Merged_RAW_ch01.tif:11985-04543,17.643,0.755,0.086,20.498,2907.487,7675.150,5.124,4.484,0.528,1.279,0.782,0.887
540,Result of BEFORE_GA3_A4 Region1_Merged_RAW_ch01.tif:11998-06436,16.002,1.400,0.261,17.936,4120.701,7683.477,4.484,4.484,0.625,1.309,0.764,0.907
541,Result of BEFORE_GA3_A4 Region1_Merged_RAW_ch01.tif:12007-08682,13.130,1.379,0.173,17.936,5559.391,7689.242,4.484,3.843,0.513,1.066,0.938,0.865
542,Result of BEFORE_GA3_A4 Region1_Merged_RAW_ch01.tif:12034-05993,51.289,1.296,0.225,33.309,3835.013,7704.616,8.327,8.327,0.581,1.224,0.817,0.906
543,Result of BEFORE_GA3_A4 Region1_Merged_RAW_ch01.tif:12057-06458,0.821,1.484,0.141,3.843,4136.715,7722.551,0.641,1.281,0.698,2.000,0.500,1.000
544,Result of BEFORE_GA3_A4 Region1_Merged_RAW_ch01.tif:12051-08115,55.803,1.300,0.236,35.871,5193.634,7715.505,8.968,8.327,0.545,1.143,0.875,0.916
545,Result of BEFORE_GA3_A4 Region1_Merged_RAW_ch01.tif:12054-05232,27.901,1.926,0.383,25.622,3348.190,7718.708,7.046,5.765,0.534,1.268,0.788,0.883
546,Result of BEFORE_GA3_A4 Region1_Merged_RAW_ch01.tif:12063-06461,5.744,1.280,0.244,15.373,4136.715,7725.114,3.843,3.843,0.305,2.994,0.334,0.683
547,Result of BEFORE_GA3_A4 Region1_Merged_RAW_ch01.tif:12067-06466,2.052,1.778,0.225,6.406,4141.199,7728.957,1.281,1.922,0.628,1.553,0.644,0.909
548,Result of BEFORE_GA3_A4 Region1_Merged_RAW_ch01.tif:12073-06778,47.186,1.242,0.235,32.028,4337.209,7730.238,8.968,7.046,0.578,1.194,0.837,0.909
549,Result of BEFORE_GA3_A4 Region1_Merged_RAW_ch01.tif:12120-04296,39.390,2.015,0.415,28.184,2748.629,7760.344,7.046,7.046,0.623,1.066,0.938,0.928
550,Result of BEFORE_GA3_A4 Region1_Merged_RAW_ch01.tif:12148-04383,31.184,1.630,0.409,25.622,2804.357,7778.280,6.406,6.406,0.597,1.058,0.946,0.916
551,Result of BEFORE_GA3_A4 Region1_Merged_RAW_ch01.tif:12155-06721,46.365,1.072,0.276,32.028,4301.338,7782.764,8.327,7.046,0.568,1.249,0.800,0.904
552,Result of BEFORE_GA3_A4 Region1_Merged_RAW_ch01.tif:12200-04388,0.410,0.862,0.000,2.562,2810.763,7814.792,0.641,0.641,0.785,1.000,1.000,1.000
553,Result of BEFORE_GA3_A4 Region1_Merged_RAW_ch01.tif:12202-04384,1.231,0.883,0.104,6.406,2807.560,7815.432,1.281,1.922,0.377,2.702,0.370,0.667
554,Result of BEFORE_GA3_A4 Region1_Merged_RAW_ch01.tif:12203-04389,1.231,0.797,0.058,5.124,2810.763,7816.073,1.281,1.281,0.589,1.464,0.683,0.857
555,Result of BEFORE_GA3_A4 Region1_Merged_RAW_ch01.tif:12206-04382,0.410,0.744,0.000,2.562,2806.919,7818.635,0.641,0.641,0.785,1.000,1.000,1.000
556,Result of BEFORE_GA3_A4 Region1_Merged_RAW_ch01.tif:12206-04387,0.410,0.765,0.000,2.562,2810.122,7818.635,0.641,0.641,0.785,1.000,1.000,1.000
557,Result of BEFORE_GA3_A4 Region1_Merged_RAW_ch01.tif:12208-04384,0.410,0.824,0.000,2.562,2808.200,7819.916,0.641,0.641,0.785,1.000,1.000,1.000
558,Result of BEFORE_GA3_A4 Region1_Merged_RAW_ch01.tif:12210-04391,0.410,0.794,0.000,2.562,2812.684,7821.197,0.641,0.641,0.785,1.000,1.000,1.000
559,Result of BEFORE_GA3_A4 Region1_Merged_RAW_ch01.tif:12211-04378,0.410,0.730,0.000,2.562,2804.357,7821.838,0.641,0.641,0.785,1.000,1.000,1.000
560,Result of BEFORE_GA3_A4 Region1_Merged_RAW_ch01.tif:12214-04381,0.410,0.875,0.000,2.562,2806.279,7823.759,0.641,0.641,0.785,1.000,1.000,1.000
561,Result of BEFORE_GA3_A4 Region1_Merged_RAW_ch01.tif:12208-04386,82.063,0.826,0.111,144.766,2802.435,7814.151,14.092,12.171,0.049,1.185,0.844,0.620
562,Result of BEFORE_GA3_A4 Region1_Merged_RAW_ch01.tif:12251-06782,5.744,1.656,0.364,12.811,4342.974,7846.179,3.203,3.203,0.440,1.611,0.621,0.757
563,Result of BEFORE_GA3_A4 Region1_Merged_RAW_ch01.tif:12302-04740,0.410,1.037,0.000,2.562,3036.239,7880.128,0.641,0.641,0.785,1.000,1.000,1.000
564,Result of BEFORE_GA3_A4 Region1_Merged_RAW_ch01.tif:12302-04742,0.410,1.000,0.000,2.562,3037.520,7880.128,0.641,0.641,0.785,1.000,1.000,1.000
565,Result of BEFORE_GA3_A4 Region1_Merged_RAW_ch01.tif:12304-04742,0.410,0.923,0.000,2.562,3037.520,7881.409,0.641,0.641,0.785,1.000,1.000,1.000
566,Result of BEFORE_GA3_A4 Region1_Merged_RAW_ch01.tif:12305-04732,0.821,1.283,0.092,5.124,3030.474,7881.409,1.281,1.281,0.393,2.646,0.378,0.667
567,Result of BEFORE_GA3_A4 Region1_Merged_RAW_ch01.tif:12306-04741,0.410,0.879,0.000,2.562,3036.879,7882.691,0.641,0.641,0.785,1.000,1.000,1.000
568,Result of BEFORE_GA3_A4 Region1_Merged_RAW_ch01.tif:12306-04745,0.410,0.933,0.000,2.562,3039.441,7882.691,0.641,0.641,0.785,1.000,1.000,1.000
569,Result of BEFORE_GA3_A4 Region1_Merged_RAW_ch01.tif:12303-06397,16.413,1.644,0.277,19.217,4095.719,7878.207,4.484,5.124,0.559,1.163,0.860,0.879
570,Result of BEFORE_GA3_A4 Region1_Merged_RAW_ch01.tif:12306-04739,2.462,1.007,0.152,11.530,3034.317,7881.409,2.562,2.562,0.233,2.301,0.435,0.571
571,Result of BEFORE_GA3_A4 Region1_Merged_RAW_ch01.tif:12308-04733,2.462,0.975,0.283,10.249,3031.114,7882.691,1.922,2.562,0.295,2.083,0.480,0.632
572,Result of BEFORE_GA3_A4 Region1_Merged_RAW_ch01.tif:12309-04746,0.410,0.774,0.000,2.562,3040.082,7884.612,0.641,0.641,0.785,1.000,1.000,1.000
573,Result of BEFORE_GA3_A4 Region1_Merged_RAW_ch01.tif:12308-04276,17.233,1.511,0.258,19.217,2737.099,7881.409,4.484,5.124,0.586,1.202,0.832,0.894
574,Result of BEFORE_GA3_A4 Region1_Merged_RAW_ch01.tif:12311-04742,0.410,0.967,0.000,2.562,3037.520,7885.893,0.641,0.641,0.785,1.000,1.000,1.000
575,Result of BEFORE_GA3_A4 Region1_Merged_RAW_ch01.tif:12312-04737,0.410,0.818,0.000,2.562,3034.317,7886.534,0.641,0.641,0.785,1.000,1.000,1.000
576,Result of BEFORE_GA3_A4 Region1_Merged_RAW_ch01.tif:12312-04732,2.052,0.801,0.109,10.249,3029.833,7885.893,2.562,1.922,0.245,1.560,0.641,0.556
577,Result of BEFORE_GA3_A4 Region1_Merged_RAW_ch01.tif:12313-04746,0.410,0.885,0.000,2.562,3040.082,7887.174,0.641,0.641,0.785,1.000,1.000,1.000
578,Result of BEFORE_GA3_A4 Region1_Merged_RAW_ch01.tif:12314-04730,0.410,0.857,0.000,2.562,3029.833,7887.815,0.641,0.641,0.785,1.000,1.000,1.000
579,Result of BEFORE_GA3_A4 Region1_Merged_RAW_ch01.tif:12316-04734,0.410,1.000,0.000,2.562,3032.395,7889.096,0.641,0.641,0.785,1.000,1.000,1.000
580,Result of BEFORE_GA3_A4 Region1_Merged_RAW_ch01.tif:12316-04737,0.410,0.758,0.000,2.562,3034.317,7889.096,0.641,0.641,0.785,1.000,1.000,1.000
581,Result of BEFORE_GA3_A4 Region1_Merged_RAW_ch01.tif:12317-04731,0.821,0.981,0.131,3.843,3030.474,7889.096,0.641,1.281,0.698,2.000,0.500,1.000
582,Result of BEFORE_GA3_A4 Region1_Merged_RAW_ch01.tif:12318-04737,0.410,0.909,0.000,2.562,3034.317,7890.377,0.641,0.641,0.785,1.000,1.000,1.000
583,Result of BEFORE_GA3_A4 Region1_Merged_RAW_ch01.tif:12318-04745,0.821,0.875,0.080,3.843,3039.441,7889.737,0.641,1.281,0.698,2.000,0.500,1.000
584,Result of BEFORE_GA3_A4 Region1_Merged_RAW_ch01.tif:12319-04734,0.821,0.975,0.136,3.843,3032.395,7890.377,0.641,1.281,0.698,2.000,0.500,1.000
585,Result of BEFORE_GA3_A4 Region1_Merged_RAW_ch01.tif:12320-04742,0.821,1.077,0.008,5.124,3036.879,7891.018,1.281,1.281,0.393,2.646,0.378,0.667
586,Result of BEFORE_GA3_A4 Region1_Merged_RAW_ch01.tif:12321-04738,2.052,0.905,0.121,7.687,3033.676,7891.658,2.562,1.281,0.436,2.610,0.383,0.769
587,Result of BEFORE_GA3_A4 Region1_Merged_RAW_ch01.tif:12346-07837,27.081,1.600,0.289,24.341,5017.480,7905.110,5.765,6.406,0.574,1.325,0.755,0.886
588,Result of BEFORE_GA3_A4 Region1_Merged_RAW_ch01.tif:12366-04539,52.520,1.176,0.377,37.152,2903.643,7915.999,7.687,10.249,0.478,1.536,0.651,0.895
589,Result of BEFORE_GA3_A4 Region1_Merged_RAW_ch01.tif:12395-01768,0.410,0.562,0.000,2.562,1132.504,7939.700,0.641,0.641,0.785,1.000,1.000,1.000
590,Result of BEFORE_GA3_A4 Region1_Merged_RAW_ch01.tif:12401-07223,17.233,1.646,0.254,19.217,4624.819,7940.981,4.484,5.124,0.586,1.317,0.759,0.875
591,Result of BEFORE_GA3_A4 Region1_Merged_RAW_ch01.tif:12409-04852,9.027,1.290,0.144,12.811,3106.700,7947.387,3.203,3.203,0.691,1.068,0.937,0.936
592,Result of BEFORE_GA3_A4 Region1_Merged_RAW_ch01.tif:12419-03566,2.872,2.019,0.182,7.687,2283.585,7954.433,1.922,1.922,0.611,1.380,0.725,0.875
593,Result of BEFORE_GA3_A4 Region1_Merged_RAW_ch01.tif:12419-04283,48.417,1.155,0.233,32.028,2739.661,7951.230,7.687,8.327,0.593,1.253,0.798,0.908
594,Result of BEFORE_GA3_A4 Region1_Merged_RAW_ch01.tif:12427-08049,9.437,1.868,0.287,12.811,5154.560,7958.917,3.203,3.203,0.723,1.008,0.992,0.958
595,Result of BEFORE_GA3_A4 Region1_Merged_RAW_ch01.tif:12443-04962,39.390,0.906,0.191,30.747,3175.239,7967.244,7.046,7.046,0.524,1.056,0.947,0.914
596,Result of BEFORE_GA3_A4 Region1_Merged_RAW_ch01.tif:12479-05633,3.283,0.886,0.103,10.249,3606.975,7992.866,3.203,1.922,0.393,2.135,0.468,0.727
597,Result of BEFORE_GA3_A4 Region1_Merged_RAW_ch01.tif:12485-09014,38.980,1.887,0.359,28.184,5770.775,7994.147,7.046,7.046,0.617,1.113,0.899,0.922
598,Result of BEFORE_GA3_A4 Region1_Merged_RAW_ch01.tif:12518-06947,36.108,1.038,0.148,30.747,4446.104,8015.286,7.687,7.046,0.480,1.273,0.786,0.876
599,Result of BEFORE_GA3_A4 Region1_Merged_RAW_ch01.tif:12568-09184,18.874,1.595,0.192,20.498,5880.951,8047.954,4.484,5.765,0.565,1.355,0.738,0.876
600,Result of BEFORE_GA3_A4 Region1_Merged_RAW_ch01.tif:12578-04385,15.592,1.773,0.199,19.217,2806.279,8055.000,5.124,4.484,0.531,1.505,0.664,0.874
601,Result of BEFORE_GA3_A4 Region1_Merged_RAW_ch01.tif:12596-03199,32.004,1.158,0.135,25.622,2045.938,8065.249,6.406,6.406,0.613,1.057,0.947,0.907
602,Result of BEFORE_GA3_A4 Region1_Merged_RAW_ch01.tif:12600-08705,34.056,1.292,0.283,26.903,5572.203,8068.452,8.327,5.124,0.591,1.599,0.625,0.907
603,Result of BEFORE_GA3_A4 Region1_Merged_RAW_ch01.tif:12630-04651,2.052,1.913,0.202,7.687,2978.589,8089.590,1.922,1.922,0.436,1.496,0.668,0.714
604,Result of BEFORE_GA3_A4 Region1_Merged_RAW_ch01.tif:12666-05490,14.771,1.118,0.142,21.779,3514.735,8110.729,3.843,5.765,0.391,1.452,0.689,0.791
605,Result of BEFORE_GA3_A4 Region1_Merged_RAW_ch01.tif:12673-06462,22.978,1.214,0.287,21.779,4136.074,8115.853,6.406,4.484,0.609,1.378,0.726,0.911
606,Result of BEFORE_GA3_A4 Region1_Merged_RAW_ch01.tif:12713-08656,24.619,1.471,0.333,23.060,5542.096,8140.835,5.765,5.765,0.582,1.196,0.836,0.889
